2026-08-12 08:29:36: Error: listen EADDRINUSE: address already in use :::3000
2026-08-12 08:29:36:     at Server.setupListenHandle [as _listen2] (node:net:2009:16)
2026-08-12 08:29:36:     at listenInCluster (node:net:2066:12)
2026-08-12 08:29:36:     at Server.listen (node:net:2171:7)
2026-08-12 08:29:36:     at Object.<anonymous> (C:\Users\奚郁\Desktop\jinhe-trip\server.js:387:8)
2026-08-12 08:29:36:     at Module._compile (node:internal/modules/cjs/loader:1871:14)
2026-08-12 08:29:36:     at Object..js (node:internal/modules/cjs/loader:2002:10)
2026-08-12 08:29:36:     at Module.load (node:internal/modules/cjs/loader:1594:32)
2026-08-12 08:29:36:     at Module._load (node:internal/modules/cjs/loader:1396:12)
2026-08-12 08:29:36:     at Object.<anonymous> (C:\Users\奚郁\AppData\Local\npm-cache\_npx\5f7878ce38f1eb13\node_modules\pm2\lib\ProcessContainerFork.js:32:23)
2026-08-12 08:29:36:     at Module._compile (node:internal/modules/cjs/loader:1871:14) {
2026-08-12 08:29:36:   code: 'EADDRINUSE',
2026-08-12 08:29:36:   errno: -4091,
2026-08-12 08:29:36:   syscall: 'listen',
2026-08-12 08:29:36:   address: '::',
2026-08-12 08:29:36:   port: 3000
2026-08-12 08:29:36: }
2026-08-12 08:29:40: Error: listen EADDRINUSE: address already in use :::3000
2026-08-12 08:29:40:     at Server.setupListenHandle [as _listen2] (node:net:2009:16)
2026-08-12 08:29:40:     at listenInCluster (node:net:2066:12)
2026-08-12 08:29:40:     at Server.listen (node:net:2171:7)
2026-08-12 08:29:40:     at Object.<anonymous> (C:\Users\奚郁\Desktop\jinhe-trip\server.js:387:8)
2026-08-12 08:29:40:     at Module._compile (node:internal/modules/cjs/loader:1871:14)
2026-08-12 08:29:40:     at Object..js (node:internal/modules/cjs/loader:2002:10)
2026-08-12 08:29:40:     at Module.load (node:internal/modules/cjs/loader:1594:32)
2026-08-12 08:29:40:     at Module._load (node:internal/modules/cjs/loader:1396:12)
2026-08-12 08:29:40:     at Object.<anonymous> (C:\Users\奚郁\AppData\Local\npm-cache\_npx\5f7878ce38f1eb13\node_modules\pm2\lib\ProcessContainerFork.js:32:23)
2026-08-12 08:29:40:     at Module._compile (node:internal/modules/cjs/loader:1871:14) {
2026-08-12 08:29:40:   code: 'EADDRINUSE',
2026-08-12 08:29:40:   errno: -4091,
2026-08-12 08:29:40:   syscall: 'listen',
2026-08-12 08:29:40:   address: '::',
2026-08-12 08:29:40:   port: 3000
2026-08-12 08:29:40: }
2026-08-12 08:29:43: Error: listen EADDRINUSE: address already in use :::3000
2026-08-12 08:29:43:     at Server.setupListenHandle [as _listen2] (node:net:2009:16)
2026-08-12 08:29:43:     at listenInCluster (node:net:2066:12)
2026-08-12 08:29:43:     at Server.listen (node:net:2171:7)
2026-08-12 08:29:43:     at Object.<anonymous> (C:\Users\奚郁\Desktop\jinhe-trip\server.js:387:8)
2026-08-12 08:29:43:     at Module._compile (node:internal/modules/cjs/loader:1871:14)
2026-08-12 08:29:43:     at Object..js (node:internal/modules/cjs/loader:2002:10)
2026-08-12 08:29:43:     at Module.load (node:internal/modules/cjs/loader:1594:32)
2026-08-12 08:29:43:     at Module._load (node:internal/modules/cjs/loader:1396:12)
2026-08-12 08:29:43:     at Object.<anonymous> (C:\Users\奚郁\AppData\Local\npm-cache\_npx\5f7878ce38f1eb13\node_modules\pm2\lib\ProcessContainerFork.js:32:23)
2026-08-12 08:29:43:     at Module._compile (node:internal/modules/cjs/loader:1871:14) {
2026-08-12 08:29:43:   code: 'EADDRINUSE',
2026-08-12 08:29:43:   errno: -4091,
2026-08-12 08:29:43:   syscall: 'listen',
2026-08-12 08:29:43:   address: '::',
2026-08-12 08:29:43:   port: 3000
2026-08-12 08:29:43: }
2026-08-12 08:29:47: Error: listen EADDRINUSE: address already in use :::3000
2026-08-12 08:29:47:     at Server.setupListenHandle [as _listen2] (node:net:2009:16)
2026-08-12 08:29:47:     at listenInCluster (node:net:2066:12)
2026-08-12 08:29:47:     at Server.listen (node:net:2171:7)
2026-08-12 08:29:47:     at Object.<anonymous> (C:\Users\奚郁\Desktop\jinhe-trip\server.js:387:8)
2026-08-12 08:29:47:     at Module._compile (node:internal/modules/cjs/loader:1871:14)
2026-08-12 08:29:47:     at Object..js (node:internal/modules/cjs/loader:2002:10)
2026-08-12 08:29:47:     at Module.load (node:internal/modules/cjs/loader:1594:32)
2026-08-12 08:29:47:     at Module._load (node:internal/modules/cjs/loader:1396:12)
2026-08-12 08:29:47:     at Object.<anonymous> (C:\Users\奚郁\AppData\Local\npm-cache\_npx\5f7878ce38f1eb13\node_modules\pm2\lib\ProcessContainerFork.js:32:23)
2026-08-12 08:29:47:     at Module._compile (node:internal/modules/cjs/loader:1871:14) {
2026-08-12 08:29:47:   code: 'EADDRINUSE',
2026-08-12 08:29:47:   errno: -4091,
2026-08-12 08:29:47:   syscall: 'listen',
2026-08-12 08:29:47:   address: '::',
2026-08-12 08:29:47:   port: 3000
2026-08-12 08:29:47: }
2026-08-12 08:29:50: Error: listen EADDRINUSE: address already in use :::3000
2026-08-12 08:29:50:     at Server.setupListenHandle [as _listen2] (node:net:2009:16)
2026-08-12 08:29:50:     at listenInCluster (node:net:2066:12)
2026-08-12 08:29:50:     at Server.listen (node:net:2171:7)
2026-08-12 08:29:50:     at Object.<anonymous> (C:\Users\奚郁\Desktop\jinhe-trip\server.js:387:8)
2026-08-12 08:29:50:     at Module._compile (node:internal/modules/cjs/loader:1871:14)
2026-08-12 08:29:50:     at Object..js (node:internal/modules/cjs/loader:2002:10)
2026-08-12 08:29:50:     at Module.load (node:internal/modules/cjs/loader:1594:32)
2026-08-12 08:29:50:     at Module._load (node:internal/modules/cjs/loader:1396:12)
2026-08-12 08:29:50:     at Object.<anonymous> (C:\Users\奚郁\AppData\Local\npm-cache\_npx\5f7878ce38f1eb13\node_modules\pm2\lib\ProcessContainerFork.js:32:23)
2026-08-12 08:29:50:     at Module._compile (node:internal/modules/cjs/loader:1871:14) {
2026-08-12 08:29:50:   code: 'EADDRINUSE',
2026-08-12 08:29:50:   errno: -4091,
2026-08-12 08:29:50:   syscall: 'listen',
2026-08-12 08:29:50:   address: '::',
2026-08-12 08:29:50:   port: 3000
2026-08-12 08:29:50: }
2026-08-12 08:29:54: Error: listen EADDRINUSE: address already in use :::3000
2026-08-12 08:29:54:     at Server.setupListenHandle [as _listen2] (node:net:2009:16)
2026-08-12 08:29:54:     at listenInCluster (node:net:2066:12)
2026-08-12 08:29:54:     at Server.listen (node:net:2171:7)
2026-08-12 08:29:54:     at Object.<anonymous> (C:\Users\奚郁\Desktop\jinhe-trip\server.js:387:8)
2026-08-12 08:29:54:     at Module._compile (node:internal/modules/cjs/loader:1871:14)
2026-08-12 08:29:54:     at Object..js (node:internal/modules/cjs/loader:2002:10)
2026-08-12 08:29:54:     at Module.load (node:internal/modules/cjs/loader:1594:32)
2026-08-12 08:29:54:     at Module._load (node:internal/modules/cjs/loader:1396:12)
2026-08-12 08:29:54:     at Object.<anonymous> (C:\Users\奚郁\AppData\Local\npm-cache\_npx\5f7878ce38f1eb13\node_modules\pm2\lib\ProcessContainerFork.js:32:23)
2026-08-12 08:29:54:     at Module._compile (node:internal/modules/cjs/loader:1871:14) {
2026-08-12 08:29:54:   code: 'EADDRINUSE',
2026-08-12 08:29:54:   errno: -4091,
2026-08-12 08:29:54:   syscall: 'listen',
2026-08-12 08:29:54:   address: '::',
2026-08-12 08:29:54:   port: 3000
2026-08-12 08:29:54: }
2026-08-12 08:29:57: Error: listen EADDRINUSE: address already in use :::3000
2026-08-12 08:29:57:     at Server.setupListenHandle [as _listen2] (node:net:2009:16)
2026-08-12 08:29:57:     at listenInCluster (node:net:2066:12)
2026-08-12 08:29:57:     at Server.listen (node:net:2171:7)
2026-08-12 08:29:57:     at Object.<anonymous> (C:\Users\奚郁\Desktop\jinhe-trip\server.js:387:8)
2026-08-12 08:29:57:     at Module._compile (node:internal/modules/cjs/loader:1871:14)
2026-08-12 08:29:57:     at Object..js (node:internal/modules/cjs/loader:2002:10)
2026-08-12 08:29:57:     at Module.load (node:internal/modules/cjs/loader:1594:32)
2026-08-12 08:29:57:     at Module._load (node:internal/modules/cjs/loader:1396:12)
2026-08-12 08:29:57:     at Object.<anonymous> (C:\Users\奚郁\AppData\Local\npm-cache\_npx\5f7878ce38f1eb13\node_modules\pm2\lib\ProcessContainerFork.js:32:23)
2026-08-12 08:29:57:     at Module._compile (node:internal/modules/cjs/loader:1871:14) {
2026-08-12 08:29:57:   code: 'EADDRINUSE',
2026-08-12 08:29:57:   errno: -4091,
2026-08-12 08:29:57:   syscall: 'listen',
2026-08-12 08:29:57:   address: '::',
2026-08-12 08:29:57:   port: 3000
2026-08-12 08:29:57: }
2026-08-12 08:30:01: Error: listen EADDRINUSE: address already in use :::3000
2026-08-12 08:30:01:     at Server.setupListenHandle [as _listen2] (node:net:2009:16)
2026-08-12 08:30:01:     at listenInCluster (node:net:2066:12)
2026-08-12 08:30:01:     at Server.listen (node:net:2171:7)
2026-08-12 08:30:01:     at Object.<anonymous> (C:\Users\奚郁\Desktop\jinhe-trip\server.js:387:8)
2026-08-12 08:30:01:     at Module._compile (node:internal/modules/cjs/loader:1871:14)
2026-08-12 08:30:01:     at Object..js (node:internal/modules/cjs/loader:2002:10)
2026-08-12 08:30:01:     at Module.load (node:internal/modules/cjs/loader:1594:32)
2026-08-12 08:30:01:     at Module._load (node:internal/modules/cjs/loader:1396:12)
2026-08-12 08:30:01:     at Object.<anonymous> (C:\Users\奚郁\AppData\Local\npm-cache\_npx\5f7878ce38f1eb13\node_modules\pm2\lib\ProcessContainerFork.js:32:23)
2026-08-12 08:30:01:     at Module._compile (node:internal/modules/cjs/loader:1871:14) {
2026-08-12 08:30:01:   code: 'EADDRINUSE',
2026-08-12 08:30:01:   errno: -4091,
2026-08-12 08:30:01:   syscall: 'listen',
2026-08-12 08:30:01:   address: '::',
2026-08-12 08:30:01:   port: 3000
2026-08-12 08:30:01: }
2026-08-12 08:30:05: Error: listen EADDRINUSE: address already in use :::3000
2026-08-12 08:30:05:     at Server.setupListenHandle [as _listen2] (node:net:2009:16)
2026-08-12 08:30:05:     at listenInCluster (node:net:2066:12)
2026-08-12 08:30:05:     at Server.listen (node:net:2171:7)
2026-08-12 08:30:05:     at Object.<anonymous> (C:\Users\奚郁\Desktop\jinhe-trip\server.js:387:8)
2026-08-12 08:30:05:     at Module._compile (node:internal/modules/cjs/loader:1871:14)
2026-08-12 08:30:05:     at Object..js (node:internal/modules/cjs/loader:2002:10)
2026-08-12 08:30:05:     at Module.load (node:internal/modules/cjs/loader:1594:32)
2026-08-12 08:30:05:     at Module._load (node:internal/modules/cjs/loader:1396:12)
2026-08-12 08:30:05:     at Object.<anonymous> (C:\Users\奚郁\AppData\Local\npm-cache\_npx\5f7878ce38f1eb13\node_modules\pm2\lib\ProcessContainerFork.js:32:23)
2026-08-12 08:30:05:     at Module._compile (node:internal/modules/cjs/loader:1871:14) {
2026-08-12 08:30:05:   code: 'EADDRINUSE',
2026-08-12 08:30:05:   errno: -4091,
2026-08-12 08:30:05:   syscall: 'listen',
2026-08-12 08:30:05:   address: '::',
2026-08-12 08:30:05:   port: 3000
2026-08-12 08:30:05: }
2026-08-12 08:30:08: Error: listen EADDRINUSE: address already in use :::3000
2026-08-12 08:30:08:     at Server.setupListenHandle [as _listen2] (node:net:2009:16)
2026-08-12 08:30:08:     at listenInCluster (node:net:2066:12)
2026-08-12 08:30:08:     at Server.listen (node:net:2171:7)
2026-08-12 08:30:08:     at Object.<anonymous> (C:\Users\奚郁\Desktop\jinhe-trip\server.js:387:8)
2026-08-12 08:30:08:     at Module._compile (node:internal/modules/cjs/loader:1871:14)
2026-08-12 08:30:08:     at Object..js (node:internal/modules/cjs/loader:2002:10)
2026-08-12 08:30:08:     at Module.load (node:internal/modules/cjs/loader:1594:32)
2026-08-12 08:30:08:     at Module._load (node:internal/modules/cjs/loader:1396:12)
2026-08-12 08:30:08:     at Object.<anonymous> (C:\Users\奚郁\AppData\Local\npm-cache\_npx\5f7878ce38f1eb13\node_modules\pm2\lib\ProcessContainerFork.js:32:23)
2026-08-12 08:30:08:     at Module._compile (node:internal/modules/cjs/loader:1871:14) {
2026-08-12 08:30:08:   code: 'EADDRINUSE',
2026-08-12 08:30:08:   errno: -4091,
2026-08-12 08:30:08:   syscall: 'listen',
2026-08-12 08:30:08:   address: '::',
2026-08-12 08:30:08:   port: 3000
2026-08-12 08:30:08: }
2026-08-12 08:30:12: Error: listen EADDRINUSE: address already in use :::3000
2026-08-12 08:30:12:     at Server.setupListenHandle [as _listen2] (node:net:2009:16)
2026-08-12 08:30:12:     at listenInCluster (node:net:2066:12)
2026-08-12 08:30:12:     at Server.listen (node:net:2171:7)
2026-08-12 08:30:12:     at Object.<anonymous> (C:\Users\奚郁\Desktop\jinhe-trip\server.js:387:8)
2026-08-12 08:30:12:     at Module._compile (node:internal/modules/cjs/loader:1871:14)
2026-08-12 08:30:12:     at Object..js (node:internal/modules/cjs/loader:2002:10)
2026-08-12 08:30:12:     at Module.load (node:internal/modules/cjs/loader:1594:32)
2026-08-12 08:30:12:     at Module._load (node:internal/modules/cjs/loader:1396:12)
2026-08-12 08:30:12:     at Object.<anonymous> (C:\Users\奚郁\AppData\Local\npm-cache\_npx\5f7878ce38f1eb13\node_modules\pm2\lib\ProcessContainerFork.js:32:23)
2026-08-12 08:30:12:     at Module._compile (node:internal/modules/cjs/loader:1871:14) {
2026-08-12 08:30:12:   code: 'EADDRINUSE',
2026-08-12 08:30:12:   errno: -4091,
2026-08-12 08:30:12:   syscall: 'listen',
2026-08-12 08:30:12:   address: '::',
2026-08-12 08:30:12:   port: 3000
2026-08-12 08:30:12: }
2026-08-12 08:30:15: Error: listen EADDRINUSE: address already in use :::3000
2026-08-12 08:30:15:     at Server.setupListenHandle [as _listen2] (node:net:2009:16)
2026-08-12 08:30:15:     at listenInCluster (node:net:2066:12)
2026-08-12 08:30:15:     at Server.listen (node:net:2171:7)
2026-08-12 08:30:15:     at Object.<anonymous> (C:\Users\奚郁\Desktop\jinhe-trip\server.js:387:8)
2026-08-12 08:30:15:     at Module._compile (node:internal/modules/cjs/loader:1871:14)
2026-08-12 08:30:15:     at Object..js (node:internal/modules/cjs/loader:2002:10)
2026-08-12 08:30:15:     at Module.load (node:internal/modules/cjs/loader:1594:32)
2026-08-12 08:30:15:     at Module._load (node:internal/modules/cjs/loader:1396:12)
2026-08-12 08:30:15:     at Object.<anonymous> (C:\Users\奚郁\AppData\Local\npm-cache\_npx\5f7878ce38f1eb13\node_modules\pm2\lib\ProcessContainerFork.js:32:23)
2026-08-12 08:30:15:     at Module._compile (node:internal/modules/cjs/loader:1871:14) {
2026-08-12 08:30:15:   code: 'EADDRINUSE',
2026-08-12 08:30:15:   errno: -4091,
2026-08-12 08:30:15:   syscall: 'listen',
2026-08-12 08:30:15:   address: '::',
2026-08-12 08:30:15:   port: 3000
2026-08-12 08:30:15: }
2026-08-12 08:30:19: Error: listen EADDRINUSE: address already in use :::3000
2026-08-12 08:30:19:     at Server.setupListenHandle [as _listen2] (node:net:2009:16)
2026-08-12 08:30:19:     at listenInCluster (node:net:2066:12)
2026-08-12 08:30:19:     at Server.listen (node:net:2171:7)
2026-08-12 08:30:19:     at Object.<anonymous> (C:\Users\奚郁\Desktop\jinhe-trip\server.js:387:8)
2026-08-12 08:30:19:     at Module._compile (node:internal/modules/cjs/loader:1871:14)
2026-08-12 08:30:19:     at Object..js (node:internal/modules/cjs/loader:2002:10)
2026-08-12 08:30:19:     at Module.load (node:internal/modules/cjs/loader:1594:32)
2026-08-12 08:30:19:     at Module._load (node:internal/modules/cjs/loader:1396:12)
2026-08-12 08:30:19:     at Object.<anonymous> (C:\Users\奚郁\AppData\Local\npm-cache\_npx\5f7878ce38f1eb13\node_modules\pm2\lib\ProcessContainerFork.js:32:23)
2026-08-12 08:30:19:     at Module._compile (node:internal/modules/cjs/loader:1871:14) {
2026-08-12 08:30:19:   code: 'EADDRINUSE',
2026-08-12 08:30:19:   errno: -4091,
2026-08-12 08:30:19:   syscall: 'listen',
2026-08-12 08:30:19:   address: '::',
2026-08-12 08:30:19:   port: 3000
2026-08-12 08:30:19: }
2026-08-12 08:30:23: Error: listen EADDRINUSE: address already in use :::3000
2026-08-12 08:30:23:     at Server.setupListenHandle [as _listen2] (node:net:2009:16)
2026-08-12 08:30:23:     at listenInCluster (node:net:2066:12)
2026-08-12 08:30:23:     at Server.listen (node:net:2171:7)
2026-08-12 08:30:23:     at Object.<anonymous> (C:\Users\奚郁\Desktop\jinhe-trip\server.js:387:8)
2026-08-12 08:30:23:     at Module._compile (node:internal/modules/cjs/loader:1871:14)
2026-08-12 08:30:23:     at Object..js (node:internal/modules/cjs/loader:2002:10)
2026-08-12 08:30:23:     at Module.load (node:internal/modules/cjs/loader:1594:32)
2026-08-12 08:30:23:     at Module._load (node:internal/modules/cjs/loader:1396:12)
2026-08-12 08:30:23:     at Object.<anonymous> (C:\Users\奚郁\AppData\Local\npm-cache\_npx\5f7878ce38f1eb13\node_modules\pm2\lib\ProcessContainerFork.js:32:23)
2026-08-12 08:30:23:     at Module._compile (node:internal/modules/cjs/loader:1871:14) {
2026-08-12 08:30:23:   code: 'EADDRINUSE',
2026-08-12 08:30:23:   errno: -4091,
2026-08-12 08:30:23:   syscall: 'listen',
2026-08-12 08:30:23:   address: '::',
2026-08-12 08:30:23:   port: 3000
2026-08-12 08:30:23: }
2026-08-12 08:30:26: Error: listen EADDRINUSE: address already in use :::3000
2026-08-12 08:30:26:     at Server.setupListenHandle [as _listen2] (node:net:2009:16)
2026-08-12 08:30:26:     at listenInCluster (node:net:2066:12)
2026-08-12 08:30:26:     at Server.listen (node:net:2171:7)
2026-08-12 08:30:26:     at Object.<anonymous> (C:\Users\奚郁\Desktop\jinhe-trip\server.js:387:8)
2026-08-12 08:30:26:     at Module._compile (node:internal/modules/cjs/loader:1871:14)
2026-08-12 08:30:26:     at Object..js (node:internal/modules/cjs/loader:2002:10)
2026-08-12 08:30:26:     at Module.load (node:internal/modules/cjs/loader:1594:32)
2026-08-12 08:30:26:     at Module._load (node:internal/modules/cjs/loader:1396:12)
2026-08-12 08:30:26:     at Object.<anonymous> (C:\Users\奚郁\AppData\Local\npm-cache\_npx\5f7878ce38f1eb13\node_modules\pm2\lib\ProcessContainerFork.js:32:23)
2026-08-12 08:30:26:     at Module._compile (node:internal/modules/cjs/loader:1871:14) {
2026-08-12 08:30:26:   code: 'EADDRINUSE',
2026-08-12 08:30:26:   errno: -4091,
2026-08-12 08:30:26:   syscall: 'listen',
2026-08-12 08:30:26:   address: '::',
2026-08-12 08:30:26:   port: 3000
2026-08-12 08:30:26: }
2026-08-12 08:30:30: Error: listen EADDRINUSE: address already in use :::3000
2026-08-12 08:30:30:     at Server.setupListenHandle [as _listen2] (node:net:2009:16)
2026-08-12 08:30:30:     at listenInCluster (node:net:2066:12)
2026-08-12 08:30:30:     at Server.listen (node:net:2171:7)
2026-08-12 08:30:30:     at Object.<anonymous> (C:\Users\奚郁\Desktop\jinhe-trip\server.js:387:8)
2026-08-12 08:30:30:     at Module._compile (node:internal/modules/cjs/loader:1871:14)
2026-08-12 08:30:30:     at Object..js (node:internal/modules/cjs/loader:2002:10)
2026-08-12 08:30:30:     at Module.load (node:internal/modules/cjs/loader:1594:32)
2026-08-12 08:30:30:     at Module._load (node:internal/modules/cjs/loader:1396:12)
2026-08-12 08:30:30:     at Object.<anonymous> (C:\Users\奚郁\AppData\Local\npm-cache\_npx\5f7878ce38f1eb13\node_modules\pm2\lib\ProcessContainerFork.js:32:23)
2026-08-12 08:30:30:     at Module._compile (node:internal/modules/cjs/loader:1871:14) {
2026-08-12 08:30:30:   code: 'EADDRINUSE',
2026-08-12 08:30:30:   errno: -4091,
2026-08-12 08:30:30:   syscall: 'listen',
2026-08-12 08:30:30:   address: '::',
2026-08-12 08:30:30:   port: 3000
2026-08-12 08:30:30: }
2026-08-12 08:30:33: Error: listen EADDRINUSE: address already in use :::3000
2026-08-12 08:30:33:     at Server.setupListenHandle [as _listen2] (node:net:2009:16)
2026-08-12 08:30:33:     at listenInCluster (node:net:2066:12)
2026-08-12 08:30:33:     at Server.listen (node:net:2171:7)
2026-08-12 08:30:33:     at Object.<anonymous> (C:\Users\奚郁\Desktop\jinhe-trip\server.js:387:8)
2026-08-12 08:30:33:     at Module._compile (node:internal/modules/cjs/loader:1871:14)
2026-08-12 08:30:33:     at Object..js (node:internal/modules/cjs/loader:2002:10)
2026-08-12 08:30:33:     at Module.load (node:internal/modules/cjs/loader:1594:32)
2026-08-12 08:30:33:     at Module._load (node:internal/modules/cjs/loader:1396:12)
2026-08-12 08:30:33:     at Object.<anonymous> (C:\Users\奚郁\AppData\Local\npm-cache\_npx\5f7878ce38f1eb13\node_modules\pm2\lib\ProcessContainerFork.js:32:23)
2026-08-12 08:30:33:     at Module._compile (node:internal/modules/cjs/loader:1871:14) {
2026-08-12 08:30:33:   code: 'EADDRINUSE',
2026-08-12 08:30:33:   errno: -4091,
2026-08-12 08:30:33:   syscall: 'listen',
2026-08-12 08:30:33:   address: '::',
2026-08-12 08:30:33:   port: 3000
2026-08-12 08:30:33: }
2026-08-12 08:30:37: Error: listen EADDRINUSE: address already in use :::3000
2026-08-12 08:30:37:     at Server.setupListenHandle [as _listen2] (node:net:2009:16)
2026-08-12 08:30:37:     at listenInCluster (node:net:2066:12)
2026-08-12 08:30:37:     at Server.listen (node:net:2171:7)
2026-08-12 08:30:37:     at Object.<anonymous> (C:\Users\奚郁\Desktop\jinhe-trip\server.js:387:8)
2026-08-12 08:30:37:     at Module._compile (node:internal/modules/cjs/loader:1871:14)
2026-08-12 08:30:37:     at Object..js (node:internal/modules/cjs/loader:2002:10)
2026-08-12 08:30:37:     at Module.load (node:internal/modules/cjs/loader:1594:32)
2026-08-12 08:30:37:     at Module._load (node:internal/modules/cjs/loader:1396:12)
2026-08-12 08:30:37:     at Object.<anonymous> (C:\Users\奚郁\AppData\Local\npm-cache\_npx\5f7878ce38f1eb13\node_modules\pm2\lib\ProcessContainerFork.js:32:23)
2026-08-12 08:30:37:     at Module._compile (node:internal/modules/cjs/loader:1871:14) {
2026-08-12 08:30:37:   code: 'EADDRINUSE',
2026-08-12 08:30:37:   errno: -4091,
2026-08-12 08:30:37:   syscall: 'listen',
2026-08-12 08:30:37:   address: '::',
2026-08-12 08:30:37:   port: 3000
2026-08-12 08:30:37: }
2026-08-12 08:30:40: Error: listen EADDRINUSE: address already in use :::3000
2026-08-12 08:30:40:     at Server.setupListenHandle [as _listen2] (node:net:2009:16)
2026-08-12 08:30:40:     at listenInCluster (node:net:2066:12)
2026-08-12 08:30:40:     at Server.listen (node:net:2171:7)
2026-08-12 08:30:40:     at Object.<anonymous> (C:\Users\奚郁\Desktop\jinhe-trip\server.js:387:8)
2026-08-12 08:30:40:     at Module._compile (node:internal/modules/cjs/loader:1871:14)
2026-08-12 08:30:40:     at Object..js (node:internal/modules/cjs/loader:2002:10)
2026-08-12 08:30:40:     at Module.load (node:internal/modules/cjs/loader:1594:32)
2026-08-12 08:30:40:     at Module._load (node:internal/modules/cjs/loader:1396:12)
2026-08-12 08:30:40:     at Object.<anonymous> (C:\Users\奚郁\AppData\Local\npm-cache\_npx\5f7878ce38f1eb13\node_modules\pm2\lib\ProcessContainerFork.js:32:23)
2026-08-12 08:30:40:     at Module._compile (node:internal/modules/cjs/loader:1871:14) {
2026-08-12 08:30:40:   code: 'EADDRINUSE',
2026-08-12 08:30:40:   errno: -4091,
2026-08-12 08:30:40:   syscall: 'listen',
2026-08-12 08:30:40:   address: '::',
2026-08-12 08:30:40:   port: 3000
2026-08-12 08:30:40: }
2026-08-12 08:30:44: Error: listen EADDRINUSE: address already in use :::3000
2026-08-12 08:30:44:     at Server.setupListenHandle [as _listen2] (node:net:2009:16)
2026-08-12 08:30:44:     at listenInCluster (node:net:2066:12)
2026-08-12 08:30:44:     at Server.listen (node:net:2171:7)
2026-08-12 08:30:44:     at Object.<anonymous> (C:\Users\奚郁\Desktop\jinhe-trip\server.js:387:8)
2026-08-12 08:30:44:     at Module._compile (node:internal/modules/cjs/loader:1871:14)
2026-08-12 08:30:44:     at Object..js (node:internal/modules/cjs/loader:2002:10)
2026-08-12 08:30:44:     at Module.load (node:internal/modules/cjs/loader:1594:32)
2026-08-12 08:30:44:     at Module._load (node:internal/modules/cjs/loader:1396:12)
2026-08-12 08:30:44:     at Object.<anonymous> (C:\Users\奚郁\AppData\Local\npm-cache\_npx\5f7878ce38f1eb13\node_modules\pm2\lib\ProcessContainerFork.js:32:23)
2026-08-12 08:30:44:     at Module._compile (node:internal/modules/cjs/loader:1871:14) {
2026-08-12 08:30:44:   code: 'EADDRINUSE',
2026-08-12 08:30:44:   errno: -4091,
2026-08-12 08:30:44:   syscall: 'listen',
2026-08-12 08:30:44:   address: '::',
2026-08-12 08:30:44:   port: 3000
2026-08-12 08:30:44: }
2026-08-12 08:30:47: Error: listen EADDRINUSE: address already in use :::3000
2026-08-12 08:30:47:     at Server.setupListenHandle [as _listen2] (node:net:2009:16)
2026-08-12 08:30:47:     at listenInCluster (node:net:2066:12)
2026-08-12 08:30:47:     at Server.listen (node:net:2171:7)
2026-08-12 08:30:47:     at Object.<anonymous> (C:\Users\奚郁\Desktop\jinhe-trip\server.js:387:8)
2026-08-12 08:30:47:     at Module._compile (node:internal/modules/cjs/loader:1871:14)
2026-08-12 08:30:47:     at Object..js (node:internal/modules/cjs/loader:2002:10)
2026-08-12 08:30:47:     at Module.load (node:internal/modules/cjs/loader:1594:32)
2026-08-12 08:30:47:     at Module._load (node:internal/modules/cjs/loader:1396:12)
2026-08-12 08:30:47:     at Object.<anonymous> (C:\Users\奚郁\AppData\Local\npm-cache\_npx\5f7878ce38f1eb13\node_modules\pm2\lib\ProcessContainerFork.js:32:23)
2026-08-12 08:30:47:     at Module._compile (node:internal/modules/cjs/loader:1871:14) {
2026-08-12 08:30:47:   code: 'EADDRINUSE',
2026-08-12 08:30:47:   errno: -4091,
2026-08-12 08:30:47:   syscall: 'listen',
2026-08-12 08:30:47:   address: '::',
2026-08-12 08:30:47:   port: 3000
2026-08-12 08:30:47: }
2026-08-12 08:30:51: Error: listen EADDRINUSE: address already in use :::3000
2026-08-12 08:30:51:     at Server.setupListenHandle [as _listen2] (node:net:2009:16)
2026-08-12 08:30:51:     at listenInCluster (node:net:2066:12)
2026-08-12 08:30:51:     at Server.listen (node:net:2171:7)
2026-08-12 08:30:51:     at Object.<anonymous> (C:\Users\奚郁\Desktop\jinhe-trip\server.js:387:8)
2026-08-12 08:30:51:     at Module._compile (node:internal/modules/cjs/loader:1871:14)
2026-08-12 08:30:51:     at Object..js (node:internal/modules/cjs/loader:2002:10)
2026-08-12 08:30:51:     at Module.load (node:internal/modules/cjs/loader:1594:32)
2026-08-12 08:30:51:     at Module._load (node:internal/modules/cjs/loader:1396:12)
2026-08-12 08:30:51:     at Object.<anonymous> (C:\Users\奚郁\AppData\Local\npm-cache\_npx\5f7878ce38f1eb13\node_modules\pm2\lib\ProcessContainerFork.js:32:23)
2026-08-12 08:30:51:     at Module._compile (node:internal/modules/cjs/loader:1871:14) {
2026-08-12 08:30:51:   code: 'EADDRINUSE',
2026-08-12 08:30:51:   errno: -4091,
2026-08-12 08:30:51:   syscall: 'listen',
2026-08-12 08:30:51:   address: '::',
2026-08-12 08:30:51:   port: 3000
2026-08-12 08:30:51: }
2026-08-12 08:30:54: Error: listen EADDRINUSE: address already in use :::3000
2026-08-12 08:30:54:     at Server.setupListenHandle [as _listen2] (node:net:2009:16)
2026-08-12 08:30:54:     at listenInCluster (node:net:2066:12)
2026-08-12 08:30:54:     at Server.listen (node:net:2171:7)
2026-08-12 08:30:54:     at Object.<anonymous> (C:\Users\奚郁\Desktop\jinhe-trip\server.js:387:8)
2026-08-12 08:30:54:     at Module._compile (node:internal/modules/cjs/loader:1871:14)
2026-08-12 08:30:54:     at Object..js (node:internal/modules/cjs/loader:2002:10)
2026-08-12 08:30:54:     at Module.load (node:internal/modules/cjs/loader:1594:32)
2026-08-12 08:30:54:     at Module._load (node:internal/modules/cjs/loader:1396:12)
2026-08-12 08:30:54:     at Object.<anonymous> (C:\Users\奚郁\AppData\Local\npm-cache\_npx\5f7878ce38f1eb13\node_modules\pm2\lib\ProcessContainerFork.js:32:23)
2026-08-12 08:30:54:     at Module._compile (node:internal/modules/cjs/loader:1871:14) {
2026-08-12 08:30:54:   code: 'EADDRINUSE',
2026-08-12 08:30:54:   errno: -4091,
2026-08-12 08:30:54:   syscall: 'listen',
2026-08-12 08:30:54:   address: '::',
2026-08-12 08:30:54:   port: 3000
2026-08-12 08:30:54: }
2026-08-12 08:30:58: Error: listen EADDRINUSE: address already in use :::3000
2026-08-12 08:30:58:     at Server.setupListenHandle [as _listen2] (node:net:2009:16)
2026-08-12 08:30:58:     at listenInCluster (node:net:2066:12)
2026-08-12 08:30:58:     at Server.listen (node:net:2171:7)
2026-08-12 08:30:58:     at Object.<anonymous> (C:\Users\奚郁\Desktop\jinhe-trip\server.js:387:8)
2026-08-12 08:30:58:     at Module._compile (node:internal/modules/cjs/loader:1871:14)
2026-08-12 08:30:58:     at Object..js (node:internal/modules/cjs/loader:2002:10)
2026-08-12 08:30:58:     at Module.load (node:internal/modules/cjs/loader:1594:32)
2026-08-12 08:30:58:     at Module._load (node:internal/modules/cjs/loader:1396:12)
2026-08-12 08:30:58:     at Object.<anonymous> (C:\Users\奚郁\AppData\Local\npm-cache\_npx\5f7878ce38f1eb13\node_modules\pm2\lib\ProcessContainerFork.js:32:23)
2026-08-12 08:30:58:     at Module._compile (node:internal/modules/cjs/loader:1871:14) {
2026-08-12 08:30:58:   code: 'EADDRINUSE',
2026-08-12 08:30:58:   errno: -4091,
2026-08-12 08:30:58:   syscall: 'listen',
2026-08-12 08:30:58:   address: '::',
2026-08-12 08:30:58:   port: 3000
2026-08-12 08:30:58: }
2026-08-12 08:31:01: Error: listen EADDRINUSE: address already in use :::3000
2026-08-12 08:31:01:     at Server.setupListenHandle [as _listen2] (node:net:2009:16)
2026-08-12 08:31:01:     at listenInCluster (node:net:2066:12)
2026-08-12 08:31:01:     at Server.listen (node:net:2171:7)
2026-08-12 08:31:01:     at Object.<anonymous> (C:\Users\奚郁\Desktop\jinhe-trip\server.js:387:8)
2026-08-12 08:31:01:     at Module._compile (node:internal/modules/cjs/loader:1871:14)
2026-08-12 08:31:01:     at Object..js (node:internal/modules/cjs/loader:2002:10)
2026-08-12 08:31:01:     at Module.load (node:internal/modules/cjs/loader:1594:32)
2026-08-12 08:31:01:     at Module._load (node:internal/modules/cjs/loader:1396:12)
2026-08-12 08:31:01:     at Object.<anonymous> (C:\Users\奚郁\AppData\Local\npm-cache\_npx\5f7878ce38f1eb13\node_modules\pm2\lib\ProcessContainerFork.js:32:23)
2026-08-12 08:31:01:     at Module._compile (node:internal/modules/cjs/loader:1871:14) {
2026-08-12 08:31:01:   code: 'EADDRINUSE',
2026-08-12 08:31:01:   errno: -4091,
2026-08-12 08:31:01:   syscall: 'listen',
2026-08-12 08:31:01:   address: '::',
2026-08-12 08:31:01:   port: 3000
2026-08-12 08:31:01: }
2026-08-12 08:31:05: Error: listen EADDRINUSE: address already in use :::3000
2026-08-12 08:31:05:     at Server.setupListenHandle [as _listen2] (node:net:2009:16)
2026-08-12 08:31:05:     at listenInCluster (node:net:2066:12)
2026-08-12 08:31:05:     at Server.listen (node:net:2171:7)
2026-08-12 08:31:05:     at Object.<anonymous> (C:\Users\奚郁\Desktop\jinhe-trip\server.js:387:8)
2026-08-12 08:31:05:     at Module._compile (node:internal/modules/cjs/loader:1871:14)
2026-08-12 08:31:05:     at Object..js (node:internal/modules/cjs/loader:2002:10)
2026-08-12 08:31:05:     at Module.load (node:internal/modules/cjs/loader:1594:32)
2026-08-12 08:31:05:     at Module._load (node:internal/modules/cjs/loader:1396:12)
2026-08-12 08:31:05:     at Object.<anonymous> (C:\Users\奚郁\AppData\Local\npm-cache\_npx\5f7878ce38f1eb13\node_modules\pm2\lib\ProcessContainerFork.js:32:23)
2026-08-12 08:31:05:     at Module._compile (node:internal/modules/cjs/loader:1871:14) {
2026-08-12 08:31:05:   code: 'EADDRINUSE',
2026-08-12 08:31:05:   errno: -4091,
2026-08-12 08:31:05:   syscall: 'listen',
2026-08-12 08:31:05:   address: '::',
2026-08-12 08:31:05:   port: 3000
2026-08-12 08:31:05: }
2026-08-12 08:31:08: Error: listen EADDRINUSE: address already in use :::3000
2026-08-12 08:31:08:     at Server.setupListenHandle [as _listen2] (node:net:2009:16)
2026-08-12 08:31:08:     at listenInCluster (node:net:2066:12)
2026-08-12 08:31:08:     at Server.listen (node:net:2171:7)
2026-08-12 08:31:08:     at Object.<anonymous> (C:\Users\奚郁\Desktop\jinhe-trip\server.js:387:8)
2026-08-12 08:31:08:     at Module._compile (node:internal/modules/cjs/loader:1871:14)
2026-08-12 08:31:08:     at Object..js (node:internal/modules/cjs/loader:2002:10)
2026-08-12 08:31:08:     at Module.load (node:internal/modules/cjs/loader:1594:32)
2026-08-12 08:31:08:     at Module._load (node:internal/modules/cjs/loader:1396:12)
2026-08-12 08:31:08:     at Object.<anonymous> (C:\Users\奚郁\AppData\Local\npm-cache\_npx\5f7878ce38f1eb13\node_modules\pm2\lib\ProcessContainerFork.js:32:23)
2026-08-12 08:31:08:     at Module._compile (node:internal/modules/cjs/loader:1871:14) {
2026-08-12 08:31:08:   code: 'EADDRINUSE',
2026-08-12 08:31:08:   errno: -4091,
2026-08-12 08:31:08:   syscall: 'listen',
2026-08-12 08:31:08:   address: '::',
2026-08-12 08:31:08:   port: 3000
2026-08-12 08:31:08: }
2026-08-12 08:31:12: Error: listen EADDRINUSE: address already in use :::3000
2026-08-12 08:31:12:     at Server.setupListenHandle [as _listen2] (node:net:2009:16)
2026-08-12 08:31:12:     at listenInCluster (node:net:2066:12)
2026-08-12 08:31:12:     at Server.listen (node:net:2171:7)
2026-08-12 08:31:12:     at Object.<anonymous> (C:\Users\奚郁\Desktop\jinhe-trip\server.js:387:8)
2026-08-12 08:31:12:     at Module._compile (node:internal/modules/cjs/loader:1871:14)
2026-08-12 08:31:12:     at Object..js (node:internal/modules/cjs/loader:2002:10)
2026-08-12 08:31:12:     at Module.load (node:internal/modules/cjs/loader:1594:32)
2026-08-12 08:31:12:     at Module._load (node:internal/modules/cjs/loader:1396:12)
2026-08-12 08:31:12:     at Object.<anonymous> (C:\Users\奚郁\AppData\Local\npm-cache\_npx\5f7878ce38f1eb13\node_modules\pm2\lib\ProcessContainerFork.js:32:23)
2026-08-12 08:31:12:     at Module._compile (node:internal/modules/cjs/loader:1871:14) {
2026-08-12 08:31:12:   code: 'EADDRINUSE',
2026-08-12 08:31:12:   errno: -4091,
2026-08-12 08:31:12:   syscall: 'listen',
2026-08-12 08:31:12:   address: '::',
2026-08-12 08:31:12:   port: 3000
2026-08-12 08:31:12: }
2026-08-12 08:31:15: Error: listen EADDRINUSE: address already in use :::3000
2026-08-12 08:31:15:     at Server.setupListenHandle [as _listen2] (node:net:2009:16)
2026-08-12 08:31:15:     at listenInCluster (node:net:2066:12)
2026-08-12 08:31:15:     at Server.listen (node:net:2171:7)
2026-08-12 08:31:15:     at Object.<anonymous> (C:\Users\奚郁\Desktop\jinhe-trip\server.js:387:8)
2026-08-12 08:31:15:     at Module._compile (node:internal/modules/cjs/loader:1871:14)
2026-08-12 08:31:15:     at Object..js (node:internal/modules/cjs/loader:2002:10)
2026-08-12 08:31:15:     at Module.load (node:internal/modules/cjs/loader:1594:32)
2026-08-12 08:31:15:     at Module._load (node:internal/modules/cjs/loader:1396:12)
2026-08-12 08:31:15:     at Object.<anonymous> (C:\Users\奚郁\AppData\Local\npm-cache\_npx\5f7878ce38f1eb13\node_modules\pm2\lib\ProcessContainerFork.js:32:23)
2026-08-12 08:31:15:     at Module._compile (node:internal/modules/cjs/loader:1871:14) {
2026-08-12 08:31:15:   code: 'EADDRINUSE',
2026-08-12 08:31:15:   errno: -4091,
2026-08-12 08:31:15:   syscall: 'listen',
2026-08-12 08:31:15:   address: '::',
2026-08-12 08:31:15:   port: 3000
2026-08-12 08:31:15: }
2026-08-12 08:31:19: Error: listen EADDRINUSE: address already in use :::3000
2026-08-12 08:31:19:     at Server.setupListenHandle [as _listen2] (node:net:2009:16)
2026-08-12 08:31:19:     at listenInCluster (node:net:2066:12)
2026-08-12 08:31:19:     at Server.listen (node:net:2171:7)
2026-08-12 08:31:19:     at Object.<anonymous> (C:\Users\奚郁\Desktop\jinhe-trip\server.js:387:8)
2026-08-12 08:31:19:     at Module._compile (node:internal/modules/cjs/loader:1871:14)
2026-08-12 08:31:19:     at Object..js (node:internal/modules/cjs/loader:2002:10)
2026-08-12 08:31:19:     at Module.load (node:internal/modules/cjs/loader:1594:32)
2026-08-12 08:31:19:     at Module._load (node:internal/modules/cjs/loader:1396:12)
2026-08-12 08:31:19:     at Object.<anonymous> (C:\Users\奚郁\AppData\Local\npm-cache\_npx\5f7878ce38f1eb13\node_modules\pm2\lib\ProcessContainerFork.js:32:23)
2026-08-12 08:31:19:     at Module._compile (node:internal/modules/cjs/loader:1871:14) {
2026-08-12 08:31:19:   code: 'EADDRINUSE',
2026-08-12 08:31:19:   errno: -4091,
2026-08-12 08:31:19:   syscall: 'listen',
2026-08-12 08:31:19:   address: '::',
2026-08-12 08:31:19:   port: 3000
2026-08-12 08:31:19: }
2026-08-12 08:31:22: Error: listen EADDRINUSE: address already in use :::3000
2026-08-12 08:31:22:     at Server.setupListenHandle [as _listen2] (node:net:2009:16)
2026-08-12 08:31:22:     at listenInCluster (node:net:2066:12)
2026-08-12 08:31:22:     at Server.listen (node:net:2171:7)
2026-08-12 08:31:22:     at Object.<anonymous> (C:\Users\奚郁\Desktop\jinhe-trip\server.js:387:8)
2026-08-12 08:31:22:     at Module._compile (node:internal/modules/cjs/loader:1871:14)
2026-08-12 08:31:22:     at Object..js (node:internal/modules/cjs/loader:2002:10)
2026-08-12 08:31:22:     at Module.load (node:internal/modules/cjs/loader:1594:32)
2026-08-12 08:31:22:     at Module._load (node:internal/modules/cjs/loader:1396:12)
2026-08-12 08:31:22:     at Object.<anonymous> (C:\Users\奚郁\AppData\Local\npm-cache\_npx\5f7878ce38f1eb13\node_modules\pm2\lib\ProcessContainerFork.js:32:23)
2026-08-12 08:31:22:     at Module._compile (node:internal/modules/cjs/loader:1871:14) {
2026-08-12 08:31:22:   code: 'EADDRINUSE',
2026-08-12 08:31:22:   errno: -4091,
2026-08-12 08:31:22:   syscall: 'listen',
2026-08-12 08:31:22:   address: '::',
2026-08-12 08:31:22:   port: 3000
2026-08-12 08:31:22: }
2026-08-12 08:31:26: Error: listen EADDRINUSE: address already in use :::3000
2026-08-12 08:31:26:     at Server.setupListenHandle [as _listen2] (node:net:2009:16)
2026-08-12 08:31:26:     at listenInCluster (node:net:2066:12)
2026-08-12 08:31:26:     at Server.listen (node:net:2171:7)
2026-08-12 08:31:26:     at Object.<anonymous> (C:\Users\奚郁\Desktop\jinhe-trip\server.js:387:8)
2026-08-12 08:31:26:     at Module._compile (node:internal/modules/cjs/loader:1871:14)
2026-08-12 08:31:26:     at Object..js (node:internal/modules/cjs/loader:2002:10)
2026-08-12 08:31:26:     at Module.load (node:internal/modules/cjs/loader:1594:32)
2026-08-12 08:31:26:     at Module._load (node:internal/modules/cjs/loader:1396:12)
2026-08-12 08:31:26:     at Object.<anonymous> (C:\Users\奚郁\AppData\Local\npm-cache\_npx\5f7878ce38f1eb13\node_modules\pm2\lib\ProcessContainerFork.js:32:23)
2026-08-12 08:31:26:     at Module._compile (node:internal/modules/cjs/loader:1871:14) {
2026-08-12 08:31:26:   code: 'EADDRINUSE',
2026-08-12 08:31:26:   errno: -4091,
2026-08-12 08:31:26:   syscall: 'listen',
2026-08-12 08:31:26:   address: '::',
2026-08-12 08:31:26:   port: 3000
2026-08-12 08:31:26: }
2026-08-12 08:31:29: Error: listen EADDRINUSE: address already in use :::3000
2026-08-12 08:31:29:     at Server.setupListenHandle [as _listen2] (node:net:2009:16)
2026-08-12 08:31:29:     at listenInCluster (node:net:2066:12)
2026-08-12 08:31:29:     at Server.listen (node:net:2171:7)
2026-08-12 08:31:29:     at Object.<anonymous> (C:\Users\奚郁\Desktop\jinhe-trip\server.js:387:8)
2026-08-12 08:31:29:     at Module._compile (node:internal/modules/cjs/loader:1871:14)
2026-08-12 08:31:29:     at Object..js (node:internal/modules/cjs/loader:2002:10)
2026-08-12 08:31:29:     at Module.load (node:internal/modules/cjs/loader:1594:32)
2026-08-12 08:31:29:     at Module._load (node:internal/modules/cjs/loader:1396:12)
2026-08-12 08:31:29:     at Object.<anonymous> (C:\Users\奚郁\AppData\Local\npm-cache\_npx\5f7878ce38f1eb13\node_modules\pm2\lib\ProcessContainerFork.js:32:23)
2026-08-12 08:31:29:     at Module._compile (node:internal/modules/cjs/loader:1871:14) {
2026-08-12 08:31:29:   code: 'EADDRINUSE',
2026-08-12 08:31:29:   errno: -4091,
2026-08-12 08:31:29:   syscall: 'listen',
2026-08-12 08:31:29:   address: '::',
2026-08-12 08:31:29:   port: 3000
2026-08-12 08:31:29: }
2026-08-12 08:31:33: Error: listen EADDRINUSE: address already in use :::3000
2026-08-12 08:31:33:     at Server.setupListenHandle [as _listen2] (node:net:2009:16)
2026-08-12 08:31:33:     at listenInCluster (node:net:2066:12)
2026-08-12 08:31:33:     at Server.listen (node:net:2171:7)
2026-08-12 08:31:33:     at Object.<anonymous> (C:\Users\奚郁\Desktop\jinhe-trip\server.js:387:8)
2026-08-12 08:31:33:     at Module._compile (node:internal/modules/cjs/loader:1871:14)
2026-08-12 08:31:33:     at Object..js (node:internal/modules/cjs/loader:2002:10)
2026-08-12 08:31:33:     at Module.load (node:internal/modules/cjs/loader:1594:32)
2026-08-12 08:31:33:     at Module._load (node:internal/modules/cjs/loader:1396:12)
2026-08-12 08:31:33:     at Object.<anonymous> (C:\Users\奚郁\AppData\Local\npm-cache\_npx\5f7878ce38f1eb13\node_modules\pm2\lib\ProcessContainerFork.js:32:23)
2026-08-12 08:31:33:     at Module._compile (node:internal/modules/cjs/loader:1871:14) {
2026-08-12 08:31:33:   code: 'EADDRINUSE',
2026-08-12 08:31:33:   errno: -4091,
2026-08-12 08:31:33:   syscall: 'listen',
2026-08-12 08:31:33:   address: '::',
2026-08-12 08:31:33:   port: 3000
2026-08-12 08:31:33: }
2026-08-12 08:31:36: Error: listen EADDRINUSE: address already in use :::3000
2026-08-12 08:31:36:     at Server.setupListenHandle [as _listen2] (node:net:2009:16)
2026-08-12 08:31:36:     at listenInCluster (node:net:2066:12)
2026-08-12 08:31:36:     at Server.listen (node:net:2171:7)
2026-08-12 08:31:36:     at Object.<anonymous> (C:\Users\奚郁\Desktop\jinhe-trip\server.js:387:8)
2026-08-12 08:31:36:     at Module._compile (node:internal/modules/cjs/loader:1871:14)
2026-08-12 08:31:36:     at Object..js (node:internal/modules/cjs/loader:2002:10)
2026-08-12 08:31:36:     at Module.load (node:internal/modules/cjs/loader:1594:32)
2026-08-12 08:31:36:     at Module._load (node:internal/modules/cjs/loader:1396:12)
2026-08-12 08:31:36:     at Object.<anonymous> (C:\Users\奚郁\AppData\Local\npm-cache\_npx\5f7878ce38f1eb13\node_modules\pm2\lib\ProcessContainerFork.js:32:23)
2026-08-12 08:31:36:     at Module._compile (node:internal/modules/cjs/loader:1871:14) {
2026-08-12 08:31:36:   code: 'EADDRINUSE',
2026-08-12 08:31:36:   errno: -4091,
2026-08-12 08:31:36:   syscall: 'listen',
2026-08-12 08:31:36:   address: '::',
2026-08-12 08:31:36:   port: 3000
2026-08-12 08:31:36: }
2026-08-12 08:31:40: Error: listen EADDRINUSE: address already in use :::3000
2026-08-12 08:31:40:     at Server.setupListenHandle [as _listen2] (node:net:2009:16)
2026-08-12 08:31:40:     at listenInCluster (node:net:2066:12)
2026-08-12 08:31:40:     at Server.listen (node:net:2171:7)
2026-08-12 08:31:40:     at Object.<anonymous> (C:\Users\奚郁\Desktop\jinhe-trip\server.js:387:8)
2026-08-12 08:31:40:     at Module._compile (node:internal/modules/cjs/loader:1871:14)
2026-08-12 08:31:40:     at Object..js (node:internal/modules/cjs/loader:2002:10)
2026-08-12 08:31:40:     at Module.load (node:internal/modules/cjs/loader:1594:32)
2026-08-12 08:31:40:     at Module._load (node:internal/modules/cjs/loader:1396:12)
2026-08-12 08:31:40:     at Object.<anonymous> (C:\Users\奚郁\AppData\Local\npm-cache\_npx\5f7878ce38f1eb13\node_modules\pm2\lib\ProcessContainerFork.js:32:23)
2026-08-12 08:31:40:     at Module._compile (node:internal/modules/cjs/loader:1871:14) {
2026-08-12 08:31:40:   code: 'EADDRINUSE',
2026-08-12 08:31:40:   errno: -4091,
2026-08-12 08:31:40:   syscall: 'listen',
2026-08-12 08:31:40:   address: '::',
2026-08-12 08:31:40:   port: 3000
2026-08-12 08:31:40: }
2026-08-12 08:31:43: Error: listen EADDRINUSE: address already in use :::3000
2026-08-12 08:31:43:     at Server.setupListenHandle [as _listen2] (node:net:2009:16)
2026-08-12 08:31:43:     at listenInCluster (node:net:2066:12)
2026-08-12 08:31:43:     at Server.listen (node:net:2171:7)
2026-08-12 08:31:43:     at Object.<anonymous> (C:\Users\奚郁\Desktop\jinhe-trip\server.js:387:8)
2026-08-12 08:31:43:     at Module._compile (node:internal/modules/cjs/loader:1871:14)
2026-08-12 08:31:43:     at Object..js (node:internal/modules/cjs/loader:2002:10)
2026-08-12 08:31:43:     at Module.load (node:internal/modules/cjs/loader:1594:32)
2026-08-12 08:31:43:     at Module._load (node:internal/modules/cjs/loader:1396:12)
2026-08-12 08:31:43:     at Object.<anonymous> (C:\Users\奚郁\AppData\Local\npm-cache\_npx\5f7878ce38f1eb13\node_modules\pm2\lib\ProcessContainerFork.js:32:23)
2026-08-12 08:31:43:     at Module._compile (node:internal/modules/cjs/loader:1871:14) {
2026-08-12 08:31:43:   code: 'EADDRINUSE',
2026-08-12 08:31:43:   errno: -4091,
2026-08-12 08:31:43:   syscall: 'listen',
2026-08-12 08:31:43:   address: '::',
2026-08-12 08:31:43:   port: 3000
2026-08-12 08:31:43: }
2026-08-12 08:31:47: Error: listen EADDRINUSE: address already in use :::3000
2026-08-12 08:31:47:     at Server.setupListenHandle [as _listen2] (node:net:2009:16)
2026-08-12 08:31:47:     at listenInCluster (node:net:2066:12)
2026-08-12 08:31:47:     at Server.listen (node:net:2171:7)
2026-08-12 08:31:47:     at Object.<anonymous> (C:\Users\奚郁\Desktop\jinhe-trip\server.js:387:8)
2026-08-12 08:31:47:     at Module._compile (node:internal/modules/cjs/loader:1871:14)
2026-08-12 08:31:47:     at Object..js (node:internal/modules/cjs/loader:2002:10)
2026-08-12 08:31:47:     at Module.load (node:internal/modules/cjs/loader:1594:32)
2026-08-12 08:31:47:     at Module._load (node:internal/modules/cjs/loader:1396:12)
2026-08-12 08:31:47:     at Object.<anonymous> (C:\Users\奚郁\AppData\Local\npm-cache\_npx\5f7878ce38f1eb13\node_modules\pm2\lib\ProcessContainerFork.js:32:23)
2026-08-12 08:31:47:     at Module._compile (node:internal/modules/cjs/loader:1871:14) {
2026-08-12 08:31:47:   code: 'EADDRINUSE',
2026-08-12 08:31:47:   errno: -4091,
2026-08-12 08:31:47:   syscall: 'listen',
2026-08-12 08:31:47:   address: '::',
2026-08-12 08:31:47:   port: 3000
2026-08-12 08:31:47: }
2026-08-12 08:31:50: Error: listen EADDRINUSE: address already in use :::3000
2026-08-12 08:31:50:     at Server.setupListenHandle [as _listen2] (node:net:2009:16)
2026-08-12 08:31:50:     at listenInCluster (node:net:2066:12)
2026-08-12 08:31:50:     at Server.listen (node:net:2171:7)
2026-08-12 08:31:50:     at Object.<anonymous> (C:\Users\奚郁\Desktop\jinhe-trip\server.js:387:8)
2026-08-12 08:31:50:     at Module._compile (node:internal/modules/cjs/loader:1871:14)
2026-08-12 08:31:50:     at Object..js (node:internal/modules/cjs/loader:2002:10)
2026-08-12 08:31:50:     at Module.load (node:internal/modules/cjs/loader:1594:32)
2026-08-12 08:31:50:     at Module._load (node:internal/modules/cjs/loader:1396:12)
2026-08-12 08:31:50:     at Object.<anonymous> (C:\Users\奚郁\AppData\Local\npm-cache\_npx\5f7878ce38f1eb13\node_modules\pm2\lib\ProcessContainerFork.js:32:23)
2026-08-12 08:31:50:     at Module._compile (node:internal/modules/cjs/loader:1871:14) {
2026-08-12 08:31:50:   code: 'EADDRINUSE',
2026-08-12 08:31:50:   errno: -4091,
2026-08-12 08:31:50:   syscall: 'listen',
2026-08-12 08:31:50:   address: '::',
2026-08-12 08:31:50:   port: 3000
2026-08-12 08:31:50: }
2026-08-12 08:31:54: Error: listen EADDRINUSE: address already in use :::3000
2026-08-12 08:31:54:     at Server.setupListenHandle [as _listen2] (node:net:2009:16)
2026-08-12 08:31:54:     at listenInCluster (node:net:2066:12)
2026-08-12 08:31:54:     at Server.listen (node:net:2171:7)
2026-08-12 08:31:54:     at Object.<anonymous> (C:\Users\奚郁\Desktop\jinhe-trip\server.js:387:8)
2026-08-12 08:31:54:     at Module._compile (node:internal/modules/cjs/loader:1871:14)
2026-08-12 08:31:54:     at Object..js (node:internal/modules/cjs/loader:2002:10)
2026-08-12 08:31:54:     at Module.load (node:internal/modules/cjs/loader:1594:32)
2026-08-12 08:31:54:     at Module._load (node:internal/modules/cjs/loader:1396:12)
2026-08-12 08:31:54:     at Object.<anonymous> (C:\Users\奚郁\AppData\Local\npm-cache\_npx\5f7878ce38f1eb13\node_modules\pm2\lib\ProcessContainerFork.js:32:23)
2026-08-12 08:31:54:     at Module._compile (node:internal/modules/cjs/loader:1871:14) {
2026-08-12 08:31:54:   code: 'EADDRINUSE',
2026-08-12 08:31:54:   errno: -4091,
2026-08-12 08:31:54:   syscall: 'listen',
2026-08-12 08:31:54:   address: '::',
2026-08-12 08:31:54:   port: 3000
2026-08-12 08:31:54: }
2026-08-12 08:31:57: Error: listen EADDRINUSE: address already in use :::3000
2026-08-12 08:31:57:     at Server.setupListenHandle [as _listen2] (node:net:2009:16)
2026-08-12 08:31:57:     at listenInCluster (node:net:2066:12)
2026-08-12 08:31:57:     at Server.listen (node:net:2171:7)
2026-08-12 08:31:57:     at Object.<anonymous> (C:\Users\奚郁\Desktop\jinhe-trip\server.js:387:8)
2026-08-12 08:31:57:     at Module._compile (node:internal/modules/cjs/loader:1871:14)
2026-08-12 08:31:57:     at Object..js (node:internal/modules/cjs/loader:2002:10)
2026-08-12 08:31:57:     at Module.load (node:internal/modules/cjs/loader:1594:32)
2026-08-12 08:31:57:     at Module._load (node:internal/modules/cjs/loader:1396:12)
2026-08-12 08:31:57:     at Object.<anonymous> (C:\Users\奚郁\AppData\Local\npm-cache\_npx\5f7878ce38f1eb13\node_modules\pm2\lib\ProcessContainerFork.js:32:23)
2026-08-12 08:31:57:     at Module._compile (node:internal/modules/cjs/loader:1871:14) {
2026-08-12 08:31:57:   code: 'EADDRINUSE',
2026-08-12 08:31:57:   errno: -4091,
2026-08-12 08:31:57:   syscall: 'listen',
2026-08-12 08:31:57:   address: '::',
2026-08-12 08:31:57:   port: 3000
2026-08-12 08:31:57: }
2026-08-12 08:32:01: Error: listen EADDRINUSE: address already in use :::3000
2026-08-12 08:32:01:     at Server.setupListenHandle [as _listen2] (node:net:2009:16)
2026-08-12 08:32:01:     at listenInCluster (node:net:2066:12)
2026-08-12 08:32:01:     at Server.listen (node:net:2171:7)
2026-08-12 08:32:01:     at Object.<anonymous> (C:\Users\奚郁\Desktop\jinhe-trip\server.js:387:8)
2026-08-12 08:32:01:     at Module._compile (node:internal/modules/cjs/loader:1871:14)
2026-08-12 08:32:01:     at Object..js (node:internal/modules/cjs/loader:2002:10)
2026-08-12 08:32:01:     at Module.load (node:internal/modules/cjs/loader:1594:32)
2026-08-12 08:32:01:     at Module._load (node:internal/modules/cjs/loader:1396:12)
2026-08-12 08:32:01:     at Object.<anonymous> (C:\Users\奚郁\AppData\Local\npm-cache\_npx\5f7878ce38f1eb13\node_modules\pm2\lib\ProcessContainerFork.js:32:23)
2026-08-12 08:32:01:     at Module._compile (node:internal/modules/cjs/loader:1871:14) {
2026-08-12 08:32:01:   code: 'EADDRINUSE',
2026-08-12 08:32:01:   errno: -4091,
2026-08-12 08:32:01:   syscall: 'listen',
2026-08-12 08:32:01:   address: '::',
2026-08-12 08:32:01:   port: 3000
2026-08-12 08:32:01: }
2026-08-12 08:32:05: Error: listen EADDRINUSE: address already in use :::3000
2026-08-12 08:32:05:     at Server.setupListenHandle [as _listen2] (node:net:2009:16)
2026-08-12 08:32:05:     at listenInCluster (node:net:2066:12)
2026-08-12 08:32:05:     at Server.listen (node:net:2171:7)
2026-08-12 08:32:05:     at Object.<anonymous> (C:\Users\奚郁\Desktop\jinhe-trip\server.js:387:8)
2026-08-12 08:32:05:     at Module._compile (node:internal/modules/cjs/loader:1871:14)
2026-08-12 08:32:05:     at Object..js (node:internal/modules/cjs/loader:2002:10)
2026-08-12 08:32:05:     at Module.load (node:internal/modules/cjs/loader:1594:32)
2026-08-12 08:32:05:     at Module._load (node:internal/modules/cjs/loader:1396:12)
2026-08-12 08:32:05:     at Object.<anonymous> (C:\Users\奚郁\AppData\Local\npm-cache\_npx\5f7878ce38f1eb13\node_modules\pm2\lib\ProcessContainerFork.js:32:23)
2026-08-12 08:32:05:     at Module._compile (node:internal/modules/cjs/loader:1871:14) {
2026-08-12 08:32:05:   code: 'EADDRINUSE',
2026-08-12 08:32:05:   errno: -4091,
2026-08-12 08:32:05:   syscall: 'listen',
2026-08-12 08:32:05:   address: '::',
2026-08-12 08:32:05:   port: 3000
2026-08-12 08:32:05: }
2026-08-12 08:32:08: Error: listen EADDRINUSE: address already in use :::3000
2026-08-12 08:32:08:     at Server.setupListenHandle [as _listen2] (node:net:2009:16)
2026-08-12 08:32:08:     at listenInCluster (node:net:2066:12)
2026-08-12 08:32:08:     at Server.listen (node:net:2171:7)
2026-08-12 08:32:08:     at Object.<anonymous> (C:\Users\奚郁\Desktop\jinhe-trip\server.js:387:8)
2026-08-12 08:32:08:     at Module._compile (node:internal/modules/cjs/loader:1871:14)
2026-08-12 08:32:08:     at Object..js (node:internal/modules/cjs/loader:2002:10)
2026-08-12 08:32:08:     at Module.load (node:internal/modules/cjs/loader:1594:32)
2026-08-12 08:32:08:     at Module._load (node:internal/modules/cjs/loader:1396:12)
2026-08-12 08:32:08:     at Object.<anonymous> (C:\Users\奚郁\AppData\Local\npm-cache\_npx\5f7878ce38f1eb13\node_modules\pm2\lib\ProcessContainerFork.js:32:23)
2026-08-12 08:32:08:     at Module._compile (node:internal/modules/cjs/loader:1871:14) {
2026-08-12 08:32:08:   code: 'EADDRINUSE',
2026-08-12 08:32:08:   errno: -4091,
2026-08-12 08:32:08:   syscall: 'listen',
2026-08-12 08:32:08:   address: '::',
2026-08-12 08:32:08:   port: 3000
2026-08-12 08:32:08: }
2026-08-12 08:32:12: Error: listen EADDRINUSE: address already in use :::3000
2026-08-12 08:32:12:     at Server.setupListenHandle [as _listen2] (node:net:2009:16)
2026-08-12 08:32:12:     at listenInCluster (node:net:2066:12)
2026-08-12 08:32:12:     at Server.listen (node:net:2171:7)
2026-08-12 08:32:12:     at Object.<anonymous> (C:\Users\奚郁\Desktop\jinhe-trip\server.js:387:8)
2026-08-12 08:32:12:     at Module._compile (node:internal/modules/cjs/loader:1871:14)
2026-08-12 08:32:12:     at Object..js (node:internal/modules/cjs/loader:2002:10)
2026-08-12 08:32:12:     at Module.load (node:internal/modules/cjs/loader:1594:32)
2026-08-12 08:32:12:     at Module._load (node:internal/modules/cjs/loader:1396:12)
2026-08-12 08:32:12:     at Object.<anonymous> (C:\Users\奚郁\AppData\Local\npm-cache\_npx\5f7878ce38f1eb13\node_modules\pm2\lib\ProcessContainerFork.js:32:23)
2026-08-12 08:32:12:     at Module._compile (node:internal/modules/cjs/loader:1871:14) {
2026-08-12 08:32:12:   code: 'EADDRINUSE',
2026-08-12 08:32:12:   errno: -4091,
2026-08-12 08:32:12:   syscall: 'listen',
2026-08-12 08:32:12:   address: '::',
2026-08-12 08:32:12:   port: 3000
2026-08-12 08:32:12: }
2026-08-12 08:32:15: Error: listen EADDRINUSE: address already in use :::3000
2026-08-12 08:32:15:     at Server.setupListenHandle [as _listen2] (node:net:2009:16)
2026-08-12 08:32:15:     at listenInCluster (node:net:2066:12)
2026-08-12 08:32:15:     at Server.listen (node:net:2171:7)
2026-08-12 08:32:15:     at Object.<anonymous> (C:\Users\奚郁\Desktop\jinhe-trip\server.js:387:8)
2026-08-12 08:32:15:     at Module._compile (node:internal/modules/cjs/loader:1871:14)
2026-08-12 08:32:15:     at Object..js (node:internal/modules/cjs/loader:2002:10)
2026-08-12 08:32:15:     at Module.load (node:internal/modules/cjs/loader:1594:32)
2026-08-12 08:32:15:     at Module._load (node:internal/modules/cjs/loader:1396:12)
2026-08-12 08:32:15:     at Object.<anonymous> (C:\Users\奚郁\AppData\Local\npm-cache\_npx\5f7878ce38f1eb13\node_modules\pm2\lib\ProcessContainerFork.js:32:23)
2026-08-12 08:32:15:     at Module._compile (node:internal/modules/cjs/loader:1871:14) {
2026-08-12 08:32:15:   code: 'EADDRINUSE',
2026-08-12 08:32:15:   errno: -4091,
2026-08-12 08:32:15:   syscall: 'listen',
2026-08-12 08:32:15:   address: '::',
2026-08-12 08:32:15:   port: 3000
2026-08-12 08:32:15: }
2026-08-12 08:32:19: Error: listen EADDRINUSE: address already in use :::3000
2026-08-12 08:32:19:     at Server.setupListenHandle [as _listen2] (node:net:2009:16)
2026-08-12 08:32:19:     at listenInCluster (node:net:2066:12)
2026-08-12 08:32:19:     at Server.listen (node:net:2171:7)
2026-08-12 08:32:19:     at Object.<anonymous> (C:\Users\奚郁\Desktop\jinhe-trip\server.js:387:8)
2026-08-12 08:32:19:     at Module._compile (node:internal/modules/cjs/loader:1871:14)
2026-08-12 08:32:19:     at Object..js (node:internal/modules/cjs/loader:2002:10)
2026-08-12 08:32:19:     at Module.load (node:internal/modules/cjs/loader:1594:32)
2026-08-12 08:32:19:     at Module._load (node:internal/modules/cjs/loader:1396:12)
2026-08-12 08:32:19:     at Object.<anonymous> (C:\Users\奚郁\AppData\Local\npm-cache\_npx\5f7878ce38f1eb13\node_modules\pm2\lib\ProcessContainerFork.js:32:23)
2026-08-12 08:32:19:     at Module._compile (node:internal/modules/cjs/loader:1871:14) {
2026-08-12 08:32:19:   code: 'EADDRINUSE',
2026-08-12 08:32:19:   errno: -4091,
2026-08-12 08:32:19:   syscall: 'listen',
2026-08-12 08:32:19:   address: '::',
2026-08-12 08:32:19:   port: 3000
2026-08-12 08:32:19: }
2026-08-12 08:32:22: Error: listen EADDRINUSE: address already in use :::3000
2026-08-12 08:32:22:     at Server.setupListenHandle [as _listen2] (node:net:2009:16)
2026-08-12 08:32:22:     at listenInCluster (node:net:2066:12)
2026-08-12 08:32:22:     at Server.listen (node:net:2171:7)
2026-08-12 08:32:22:     at Object.<anonymous> (C:\Users\奚郁\Desktop\jinhe-trip\server.js:387:8)
2026-08-12 08:32:22:     at Module._compile (node:internal/modules/cjs/loader:1871:14)
2026-08-12 08:32:22:     at Object..js (node:internal/modules/cjs/loader:2002:10)
2026-08-12 08:32:22:     at Module.load (node:internal/modules/cjs/loader:1594:32)
2026-08-12 08:32:22:     at Module._load (node:internal/modules/cjs/loader:1396:12)
2026-08-12 08:32:22:     at Object.<anonymous> (C:\Users\奚郁\AppData\Local\npm-cache\_npx\5f7878ce38f1eb13\node_modules\pm2\lib\ProcessContainerFork.js:32:23)
2026-08-12 08:32:22:     at Module._compile (node:internal/modules/cjs/loader:1871:14) {
2026-08-12 08:32:22:   code: 'EADDRINUSE',
2026-08-12 08:32:22:   errno: -4091,
2026-08-12 08:32:22:   syscall: 'listen',
2026-08-12 08:32:22:   address: '::',
2026-08-12 08:32:22:   port: 3000
2026-08-12 08:32:22: }
2026-08-12 08:32:26: Error: listen EADDRINUSE: address already in use :::3000
2026-08-12 08:32:26:     at Server.setupListenHandle [as _listen2] (node:net:2009:16)
2026-08-12 08:32:26:     at listenInCluster (node:net:2066:12)
2026-08-12 08:32:26:     at Server.listen (node:net:2171:7)
2026-08-12 08:32:26:     at Object.<anonymous> (C:\Users\奚郁\Desktop\jinhe-trip\server.js:387:8)
2026-08-12 08:32:26:     at Module._compile (node:internal/modules/cjs/loader:1871:14)
2026-08-12 08:32:26:     at Object..js (node:internal/modules/cjs/loader:2002:10)
2026-08-12 08:32:26:     at Module.load (node:internal/modules/cjs/loader:1594:32)
2026-08-12 08:32:26:     at Module._load (node:internal/modules/cjs/loader:1396:12)
2026-08-12 08:32:26:     at Object.<anonymous> (C:\Users\奚郁\AppData\Local\npm-cache\_npx\5f7878ce38f1eb13\node_modules\pm2\lib\ProcessContainerFork.js:32:23)
2026-08-12 08:32:26:     at Module._compile (node:internal/modules/cjs/loader:1871:14) {
2026-08-12 08:32:26:   code: 'EADDRINUSE',
2026-08-12 08:32:26:   errno: -4091,
2026-08-12 08:32:26:   syscall: 'listen',
2026-08-12 08:32:26:   address: '::',
2026-08-12 08:32:26:   port: 3000
2026-08-12 08:32:26: }
2026-08-12 08:32:30: Error: listen EADDRINUSE: address already in use :::3000
2026-08-12 08:32:30:     at Server.setupListenHandle [as _listen2] (node:net:2009:16)
2026-08-12 08:32:30:     at listenInCluster (node:net:2066:12)
2026-08-12 08:32:30:     at Server.listen (node:net:2171:7)
2026-08-12 08:32:30:     at Object.<anonymous> (C:\Users\奚郁\Desktop\jinhe-trip\server.js:387:8)
2026-08-12 08:32:30:     at Module._compile (node:internal/modules/cjs/loader:1871:14)
2026-08-12 08:32:30:     at Object..js (node:internal/modules/cjs/loader:2002:10)
2026-08-12 08:32:30:     at Module.load (node:internal/modules/cjs/loader:1594:32)
2026-08-12 08:32:30:     at Module._load (node:internal/modules/cjs/loader:1396:12)
2026-08-12 08:32:30:     at Object.<anonymous> (C:\Users\奚郁\AppData\Local\npm-cache\_npx\5f7878ce38f1eb13\node_modules\pm2\lib\ProcessContainerFork.js:32:23)
2026-08-12 08:32:30:     at Module._compile (node:internal/modules/cjs/loader:1871:14) {
2026-08-12 08:32:30:   code: 'EADDRINUSE',
2026-08-12 08:32:30:   errno: -4091,
2026-08-12 08:32:30:   syscall: 'listen',
2026-08-12 08:32:30:   address: '::',
2026-08-12 08:32:30:   port: 3000
2026-08-12 08:32:30: }
2026-08-12 08:32:33: Error: listen EADDRINUSE: address already in use :::3000
2026-08-12 08:32:33:     at Server.setupListenHandle [as _listen2] (node:net:2009:16)
2026-08-12 08:32:33:     at listenInCluster (node:net:2066:12)
2026-08-12 08:32:33:     at Server.listen (node:net:2171:7)
2026-08-12 08:32:33:     at Object.<anonymous> (C:\Users\奚郁\Desktop\jinhe-trip\server.js:387:8)
2026-08-12 08:32:33:     at Module._compile (node:internal/modules/cjs/loader:1871:14)
2026-08-12 08:32:33:     at Object..js (node:internal/modules/cjs/loader:2002:10)
2026-08-12 08:32:33:     at Module.load (node:internal/modules/cjs/loader:1594:32)
2026-08-12 08:32:33:     at Module._load (node:internal/modules/cjs/loader:1396:12)
2026-08-12 08:32:33:     at Object.<anonymous> (C:\Users\奚郁\AppData\Local\npm-cache\_npx\5f7878ce38f1eb13\node_modules\pm2\lib\ProcessContainerFork.js:32:23)
2026-08-12 08:32:33:     at Module._compile (node:internal/modules/cjs/loader:1871:14) {
2026-08-12 08:32:33:   code: 'EADDRINUSE',
2026-08-12 08:32:33:   errno: -4091,
2026-08-12 08:32:33:   syscall: 'listen',
2026-08-12 08:32:33:   address: '::',
2026-08-12 08:32:33:   port: 3000
2026-08-12 08:32:33: }
2026-08-12 08:32:37: Error: listen EADDRINUSE: address already in use :::3000
2026-08-12 08:32:37:     at Server.setupListenHandle [as _listen2] (node:net:2009:16)
2026-08-12 08:32:37:     at listenInCluster (node:net:2066:12)
2026-08-12 08:32:37:     at Server.listen (node:net:2171:7)
2026-08-12 08:32:37:     at Object.<anonymous> (C:\Users\奚郁\Desktop\jinhe-trip\server.js:387:8)
2026-08-12 08:32:37:     at Module._compile (node:internal/modules/cjs/loader:1871:14)
2026-08-12 08:32:37:     at Object..js (node:internal/modules/cjs/loader:2002:10)
2026-08-12 08:32:37:     at Module.load (node:internal/modules/cjs/loader:1594:32)
2026-08-12 08:32:37:     at Module._load (node:internal/modules/cjs/loader:1396:12)
2026-08-12 08:32:37:     at Object.<anonymous> (C:\Users\奚郁\AppData\Local\npm-cache\_npx\5f7878ce38f1eb13\node_modules\pm2\lib\ProcessContainerFork.js:32:23)
2026-08-12 08:32:37:     at Module._compile (node:internal/modules/cjs/loader:1871:14) {
2026-08-12 08:32:37:   code: 'EADDRINUSE',
2026-08-12 08:32:37:   errno: -4091,
2026-08-12 08:32:37:   syscall: 'listen',
2026-08-12 08:32:37:   address: '::',
2026-08-12 08:32:37:   port: 3000
2026-08-12 08:32:37: }
2026-08-12 08:32:40: Error: listen EADDRINUSE: address already in use :::3000
2026-08-12 08:32:40:     at Server.setupListenHandle [as _listen2] (node:net:2009:16)
2026-08-12 08:32:40:     at listenInCluster (node:net:2066:12)
2026-08-12 08:32:40:     at Server.listen (node:net:2171:7)
2026-08-12 08:32:40:     at Object.<anonymous> (C:\Users\奚郁\Desktop\jinhe-trip\server.js:387:8)
2026-08-12 08:32:40:     at Module._compile (node:internal/modules/cjs/loader:1871:14)
2026-08-12 08:32:40:     at Object..js (node:internal/modules/cjs/loader:2002:10)
2026-08-12 08:32:40:     at Module.load (node:internal/modules/cjs/loader:1594:32)
2026-08-12 08:32:40:     at Module._load (node:internal/modules/cjs/loader:1396:12)
2026-08-12 08:32:40:     at Object.<anonymous> (C:\Users\奚郁\AppData\Local\npm-cache\_npx\5f7878ce38f1eb13\node_modules\pm2\lib\ProcessContainerFork.js:32:23)
2026-08-12 08:32:40:     at Module._compile (node:internal/modules/cjs/loader:1871:14) {
2026-08-12 08:32:40:   code: 'EADDRINUSE',
2026-08-12 08:32:40:   errno: -4091,
2026-08-12 08:32:40:   syscall: 'listen',
2026-08-12 08:32:40:   address: '::',
2026-08-12 08:32:40:   port: 3000
2026-08-12 08:32:40: }
2026-08-12 08:32:44: Error: listen EADDRINUSE: address already in use :::3000
2026-08-12 08:32:44:     at Server.setupListenHandle [as _listen2] (node:net:2009:16)
2026-08-12 08:32:44:     at listenInCluster (node:net:2066:12)
2026-08-12 08:32:44:     at Server.listen (node:net:2171:7)
2026-08-12 08:32:44:     at Object.<anonymous> (C:\Users\奚郁\Desktop\jinhe-trip\server.js:387:8)
2026-08-12 08:32:44:     at Module._compile (node:internal/modules/cjs/loader:1871:14)
2026-08-12 08:32:44:     at Object..js (node:internal/modules/cjs/loader:2002:10)
2026-08-12 08:32:44:     at Module.load (node:internal/modules/cjs/loader:1594:32)
2026-08-12 08:32:44:     at Module._load (node:internal/modules/cjs/loader:1396:12)
2026-08-12 08:32:44:     at Object.<anonymous> (C:\Users\奚郁\AppData\Local\npm-cache\_npx\5f7878ce38f1eb13\node_modules\pm2\lib\ProcessContainerFork.js:32:23)
2026-08-12 08:32:44:     at Module._compile (node:internal/modules/cjs/loader:1871:14) {
2026-08-12 08:32:44:   code: 'EADDRINUSE',
2026-08-12 08:32:44:   errno: -4091,
2026-08-12 08:32:44:   syscall: 'listen',
2026-08-12 08:32:44:   address: '::',
2026-08-12 08:32:44:   port: 3000
2026-08-12 08:32:44: }
2026-08-12 08:32:47: Error: listen EADDRINUSE: address already in use :::3000
2026-08-12 08:32:47:     at Server.setupListenHandle [as _listen2] (node:net:2009:16)
2026-08-12 08:32:47:     at listenInCluster (node:net:2066:12)
2026-08-12 08:32:47:     at Server.listen (node:net:2171:7)
2026-08-12 08:32:47:     at Object.<anonymous> (C:\Users\奚郁\Desktop\jinhe-trip\server.js:387:8)
2026-08-12 08:32:47:     at Module._compile (node:internal/modules/cjs/loader:1871:14)
2026-08-12 08:32:47:     at Object..js (node:internal/modules/cjs/loader:2002:10)
2026-08-12 08:32:47:     at Module.load (node:internal/modules/cjs/loader:1594:32)
2026-08-12 08:32:47:     at Module._load (node:internal/modules/cjs/loader:1396:12)
2026-08-12 08:32:47:     at Object.<anonymous> (C:\Users\奚郁\AppData\Local\npm-cache\_npx\5f7878ce38f1eb13\node_modules\pm2\lib\ProcessContainerFork.js:32:23)
2026-08-12 08:32:47:     at Module._compile (node:internal/modules/cjs/loader:1871:14) {
2026-08-12 08:32:47:   code: 'EADDRINUSE',
2026-08-12 08:32:47:   errno: -4091,
2026-08-12 08:32:47:   syscall: 'listen',
2026-08-12 08:32:47:   address: '::',
2026-08-12 08:32:47:   port: 3000
2026-08-12 08:32:47: }
2026-08-12 08:32:51: Error: listen EADDRINUSE: address already in use :::3000
2026-08-12 08:32:51:     at Server.setupListenHandle [as _listen2] (node:net:2009:16)
2026-08-12 08:32:51:     at listenInCluster (node:net:2066:12)
2026-08-12 08:32:51:     at Server.listen (node:net:2171:7)
2026-08-12 08:32:51:     at Object.<anonymous> (C:\Users\奚郁\Desktop\jinhe-trip\server.js:387:8)
2026-08-12 08:32:51:     at Module._compile (node:internal/modules/cjs/loader:1871:14)
2026-08-12 08:32:51:     at Object..js (node:internal/modules/cjs/loader:2002:10)
2026-08-12 08:32:51:     at Module.load (node:internal/modules/cjs/loader:1594:32)
2026-08-12 08:32:51:     at Module._load (node:internal/modules/cjs/loader:1396:12)
2026-08-12 08:32:51:     at Object.<anonymous> (C:\Users\奚郁\AppData\Local\npm-cache\_npx\5f7878ce38f1eb13\node_modules\pm2\lib\ProcessContainerFork.js:32:23)
2026-08-12 08:32:51:     at Module._compile (node:internal/modules/cjs/loader:1871:14) {
2026-08-12 08:32:51:   code: 'EADDRINUSE',
2026-08-12 08:32:51:   errno: -4091,
2026-08-12 08:32:51:   syscall: 'listen',
2026-08-12 08:32:51:   address: '::',
2026-08-12 08:32:51:   port: 3000
2026-08-12 08:32:51: }
2026-08-12 08:32:54: Error: listen EADDRINUSE: address already in use :::3000
2026-08-12 08:32:54:     at Server.setupListenHandle [as _listen2] (node:net:2009:16)
2026-08-12 08:32:54:     at listenInCluster (node:net:2066:12)
2026-08-12 08:32:54:     at Server.listen (node:net:2171:7)
2026-08-12 08:32:54:     at Object.<anonymous> (C:\Users\奚郁\Desktop\jinhe-trip\server.js:387:8)
2026-08-12 08:32:54:     at Module._compile (node:internal/modules/cjs/loader:1871:14)
2026-08-12 08:32:54:     at Object..js (node:internal/modules/cjs/loader:2002:10)
2026-08-12 08:32:54:     at Module.load (node:internal/modules/cjs/loader:1594:32)
2026-08-12 08:32:54:     at Module._load (node:internal/modules/cjs/loader:1396:12)
2026-08-12 08:32:54:     at Object.<anonymous> (C:\Users\奚郁\AppData\Local\npm-cache\_npx\5f7878ce38f1eb13\node_modules\pm2\lib\ProcessContainerFork.js:32:23)
2026-08-12 08:32:54:     at Module._compile (node:internal/modules/cjs/loader:1871:14) {
2026-08-12 08:32:54:   code: 'EADDRINUSE',
2026-08-12 08:32:54:   errno: -4091,
2026-08-12 08:32:54:   syscall: 'listen',
2026-08-12 08:32:54:   address: '::',
2026-08-12 08:32:54:   port: 3000
2026-08-12 08:32:54: }
2026-08-12 08:32:58: Error: listen EADDRINUSE: address already in use :::3000
2026-08-12 08:32:58:     at Server.setupListenHandle [as _listen2] (node:net:2009:16)
2026-08-12 08:32:58:     at listenInCluster (node:net:2066:12)
2026-08-12 08:32:58:     at Server.listen (node:net:2171:7)
2026-08-12 08:32:58:     at Object.<anonymous> (C:\Users\奚郁\Desktop\jinhe-trip\server.js:387:8)
2026-08-12 08:32:58:     at Module._compile (node:internal/modules/cjs/loader:1871:14)
2026-08-12 08:32:58:     at Object..js (node:internal/modules/cjs/loader:2002:10)
2026-08-12 08:32:58:     at Module.load (node:internal/modules/cjs/loader:1594:32)
2026-08-12 08:32:58:     at Module._load (node:internal/modules/cjs/loader:1396:12)
2026-08-12 08:32:58:     at Object.<anonymous> (C:\Users\奚郁\AppData\Local\npm-cache\_npx\5f7878ce38f1eb13\node_modules\pm2\lib\ProcessContainerFork.js:32:23)
2026-08-12 08:32:58:     at Module._compile (node:internal/modules/cjs/loader:1871:14) {
2026-08-12 08:32:58:   code: 'EADDRINUSE',
2026-08-12 08:32:58:   errno: -4091,
2026-08-12 08:32:58:   syscall: 'listen',
2026-08-12 08:32:58:   address: '::',
2026-08-12 08:32:58:   port: 3000
2026-08-12 08:32:58: }
2026-08-12 08:33:01: Error: listen EADDRINUSE: address already in use :::3000
2026-08-12 08:33:01:     at Server.setupListenHandle [as _listen2] (node:net:2009:16)
2026-08-12 08:33:01:     at listenInCluster (node:net:2066:12)
2026-08-12 08:33:01:     at Server.listen (node:net:2171:7)
2026-08-12 08:33:01:     at Object.<anonymous> (C:\Users\奚郁\Desktop\jinhe-trip\server.js:387:8)
2026-08-12 08:33:01:     at Module._compile (node:internal/modules/cjs/loader:1871:14)
2026-08-12 08:33:01:     at Object..js (node:internal/modules/cjs/loader:2002:10)
2026-08-12 08:33:01:     at Module.load (node:internal/modules/cjs/loader:1594:32)
2026-08-12 08:33:01:     at Module._load (node:internal/modules/cjs/loader:1396:12)
2026-08-12 08:33:01:     at Object.<anonymous> (C:\Users\奚郁\AppData\Local\npm-cache\_npx\5f7878ce38f1eb13\node_modules\pm2\lib\ProcessContainerFork.js:32:23)
2026-08-12 08:33:01:     at Module._compile (node:internal/modules/cjs/loader:1871:14) {
2026-08-12 08:33:01:   code: 'EADDRINUSE',
2026-08-12 08:33:01:   errno: -4091,
2026-08-12 08:33:01:   syscall: 'listen',
2026-08-12 08:33:01:   address: '::',
2026-08-12 08:33:01:   port: 3000
2026-08-12 08:33:01: }
2026-08-12 08:33:05: Error: listen EADDRINUSE: address already in use :::3000
2026-08-12 08:33:05:     at Server.setupListenHandle [as _listen2] (node:net:2009:16)
2026-08-12 08:33:05:     at listenInCluster (node:net:2066:12)
2026-08-12 08:33:05:     at Server.listen (node:net:2171:7)
2026-08-12 08:33:05:     at Object.<anonymous> (C:\Users\奚郁\Desktop\jinhe-trip\server.js:387:8)
2026-08-12 08:33:05:     at Module._compile (node:internal/modules/cjs/loader:1871:14)
2026-08-12 08:33:05:     at Object..js (node:internal/modules/cjs/loader:2002:10)
2026-08-12 08:33:05:     at Module.load (node:internal/modules/cjs/loader:1594:32)
2026-08-12 08:33:05:     at Module._load (node:internal/modules/cjs/loader:1396:12)
2026-08-12 08:33:05:     at Object.<anonymous> (C:\Users\奚郁\AppData\Local\npm-cache\_npx\5f7878ce38f1eb13\node_modules\pm2\lib\ProcessContainerFork.js:32:23)
2026-08-12 08:33:05:     at Module._compile (node:internal/modules/cjs/loader:1871:14) {
2026-08-12 08:33:05:   code: 'EADDRINUSE',
2026-08-12 08:33:05:   errno: -4091,
2026-08-12 08:33:05:   syscall: 'listen',
2026-08-12 08:33:05:   address: '::',
2026-08-12 08:33:05:   port: 3000
2026-08-12 08:33:05: }
2026-08-12 08:33:09: Error: listen EADDRINUSE: address already in use :::3000
2026-08-12 08:33:09:     at Server.setupListenHandle [as _listen2] (node:net:2009:16)
2026-08-12 08:33:09:     at listenInCluster (node:net:2066:12)
2026-08-12 08:33:09:     at Server.listen (node:net:2171:7)
2026-08-12 08:33:09:     at Object.<anonymous> (C:\Users\奚郁\Desktop\jinhe-trip\server.js:387:8)
2026-08-12 08:33:09:     at Module._compile (node:internal/modules/cjs/loader:1871:14)
2026-08-12 08:33:09:     at Object..js (node:internal/modules/cjs/loader:2002:10)
2026-08-12 08:33:09:     at Module.load (node:internal/modules/cjs/loader:1594:32)
2026-08-12 08:33:09:     at Module._load (node:internal/modules/cjs/loader:1396:12)
2026-08-12 08:33:09:     at Object.<anonymous> (C:\Users\奚郁\AppData\Local\npm-cache\_npx\5f7878ce38f1eb13\node_modules\pm2\lib\ProcessContainerFork.js:32:23)
2026-08-12 08:33:09:     at Module._compile (node:internal/modules/cjs/loader:1871:14) {
2026-08-12 08:33:09:   code: 'EADDRINUSE',
2026-08-12 08:33:09:   errno: -4091,
2026-08-12 08:33:09:   syscall: 'listen',
2026-08-12 08:33:09:   address: '::',
2026-08-12 08:33:09:   port: 3000
2026-08-12 08:33:09: }
2026-08-12 08:33:12: Error: listen EADDRINUSE: address already in use :::3000
2026-08-12 08:33:12:     at Server.setupListenHandle [as _listen2] (node:net:2009:16)
2026-08-12 08:33:12:     at listenInCluster (node:net:2066:12)
2026-08-12 08:33:12:     at Server.listen (node:net:2171:7)
2026-08-12 08:33:12:     at Object.<anonymous> (C:\Users\奚郁\Desktop\jinhe-trip\server.js:387:8)
2026-08-12 08:33:12:     at Module._compile (node:internal/modules/cjs/loader:1871:14)
2026-08-12 08:33:12:     at Object..js (node:internal/modules/cjs/loader:2002:10)
2026-08-12 08:33:12:     at Module.load (node:internal/modules/cjs/loader:1594:32)
2026-08-12 08:33:12:     at Module._load (node:internal/modules/cjs/loader:1396:12)
2026-08-12 08:33:12:     at Object.<anonymous> (C:\Users\奚郁\AppData\Local\npm-cache\_npx\5f7878ce38f1eb13\node_modules\pm2\lib\ProcessContainerFork.js:32:23)
2026-08-12 08:33:12:     at Module._compile (node:internal/modules/cjs/loader:1871:14) {
2026-08-12 08:33:12:   code: 'EADDRINUSE',
2026-08-12 08:33:12:   errno: -4091,
2026-08-12 08:33:12:   syscall: 'listen',
2026-08-12 08:33:12:   address: '::',
2026-08-12 08:33:12:   port: 3000
2026-08-12 08:33:12: }
2026-08-12 08:33:16: Error: listen EADDRINUSE: address already in use :::3000
2026-08-12 08:33:16:     at Server.setupListenHandle [as _listen2] (node:net:2009:16)
2026-08-12 08:33:16:     at listenInCluster (node:net:2066:12)
2026-08-12 08:33:16:     at Server.listen (node:net:2171:7)
2026-08-12 08:33:16:     at Object.<anonymous> (C:\Users\奚郁\Desktop\jinhe-trip\server.js:387:8)
2026-08-12 08:33:16:     at Module._compile (node:internal/modules/cjs/loader:1871:14)
2026-08-12 08:33:16:     at Object..js (node:internal/modules/cjs/loader:2002:10)
2026-08-12 08:33:16:     at Module.load (node:internal/modules/cjs/loader:1594:32)
2026-08-12 08:33:16:     at Module._load (node:internal/modules/cjs/loader:1396:12)
2026-08-12 08:33:16:     at Object.<anonymous> (C:\Users\奚郁\AppData\Local\npm-cache\_npx\5f7878ce38f1eb13\node_modules\pm2\lib\ProcessContainerFork.js:32:23)
2026-08-12 08:33:16:     at Module._compile (node:internal/modules/cjs/loader:1871:14) {
2026-08-12 08:33:16:   code: 'EADDRINUSE',
2026-08-12 08:33:16:   errno: -4091,
2026-08-12 08:33:16:   syscall: 'listen',
2026-08-12 08:33:16:   address: '::',
2026-08-12 08:33:16:   port: 3000
2026-08-12 08:33:16: }
2026-08-12 08:33:19: Error: listen EADDRINUSE: address already in use :::3000
2026-08-12 08:33:19:     at Server.setupListenHandle [as _listen2] (node:net:2009:16)
2026-08-12 08:33:19:     at listenInCluster (node:net:2066:12)
2026-08-12 08:33:19:     at Server.listen (node:net:2171:7)
2026-08-12 08:33:19:     at Object.<anonymous> (C:\Users\奚郁\Desktop\jinhe-trip\server.js:387:8)
2026-08-12 08:33:19:     at Module._compile (node:internal/modules/cjs/loader:1871:14)
2026-08-12 08:33:19:     at Object..js (node:internal/modules/cjs/loader:2002:10)
2026-08-12 08:33:19:     at Module.load (node:internal/modules/cjs/loader:1594:32)
2026-08-12 08:33:19:     at Module._load (node:internal/modules/cjs/loader:1396:12)
2026-08-12 08:33:19:     at Object.<anonymous> (C:\Users\奚郁\AppData\Local\npm-cache\_npx\5f7878ce38f1eb13\node_modules\pm2\lib\ProcessContainerFork.js:32:23)
2026-08-12 08:33:19:     at Module._compile (node:internal/modules/cjs/loader:1871:14) {
2026-08-12 08:33:19:   code: 'EADDRINUSE',
2026-08-12 08:33:19:   errno: -4091,
2026-08-12 08:33:19:   syscall: 'listen',
2026-08-12 08:33:19:   address: '::',
2026-08-12 08:33:19:   port: 3000
2026-08-12 08:33:19: }
2026-08-12 08:33:23: Error: listen EADDRINUSE: address already in use :::3000
2026-08-12 08:33:23:     at Server.setupListenHandle [as _listen2] (node:net:2009:16)
2026-08-12 08:33:23:     at listenInCluster (node:net:2066:12)
2026-08-12 08:33:23:     at Server.listen (node:net:2171:7)
2026-08-12 08:33:23:     at Object.<anonymous> (C:\Users\奚郁\Desktop\jinhe-trip\server.js:387:8)
2026-08-12 08:33:23:     at Module._compile (node:internal/modules/cjs/loader:1871:14)
2026-08-12 08:33:23:     at Object..js (node:internal/modules/cjs/loader:2002:10)
2026-08-12 08:33:23:     at Module.load (node:internal/modules/cjs/loader:1594:32)
2026-08-12 08:33:23:     at Module._load (node:internal/modules/cjs/loader:1396:12)
2026-08-12 08:33:23:     at Object.<anonymous> (C:\Users\奚郁\AppData\Local\npm-cache\_npx\5f7878ce38f1eb13\node_modules\pm2\lib\ProcessContainerFork.js:32:23)
2026-08-12 08:33:23:     at Module._compile (node:internal/modules/cjs/loader:1871:14) {
2026-08-12 08:33:23:   code: 'EADDRINUSE',
2026-08-12 08:33:23:   errno: -4091,
2026-08-12 08:33:23:   syscall: 'listen',
2026-08-12 08:33:23:   address: '::',
2026-08-12 08:33:23:   port: 3000
2026-08-12 08:33:23: }
2026-08-12 08:33:26: Error: listen EADDRINUSE: address already in use :::3000
2026-08-12 08:33:26:     at Server.setupListenHandle [as _listen2] (node:net:2009:16)
2026-08-12 08:33:26:     at listenInCluster (node:net:2066:12)
2026-08-12 08:33:26:     at Server.listen (node:net:2171:7)
2026-08-12 08:33:26:     at Object.<anonymous> (C:\Users\奚郁\Desktop\jinhe-trip\server.js:387:8)
2026-08-12 08:33:26:     at Module._compile (node:internal/modules/cjs/loader:1871:14)
2026-08-12 08:33:26:     at Object..js (node:internal/modules/cjs/loader:2002:10)
2026-08-12 08:33:26:     at Module.load (node:internal/modules/cjs/loader:1594:32)
2026-08-12 08:33:26:     at Module._load (node:internal/modules/cjs/loader:1396:12)
2026-08-12 08:33:26:     at Object.<anonymous> (C:\Users\奚郁\AppData\Local\npm-cache\_npx\5f7878ce38f1eb13\node_modules\pm2\lib\ProcessContainerFork.js:32:23)
2026-08-12 08:33:26:     at Module._compile (node:internal/modules/cjs/loader:1871:14) {
2026-08-12 08:33:26:   code: 'EADDRINUSE',
2026-08-12 08:33:26:   errno: -4091,
2026-08-12 08:33:26:   syscall: 'listen',
2026-08-12 08:33:26:   address: '::',
2026-08-12 08:33:26:   port: 3000
2026-08-12 08:33:26: }
2026-08-12 08:33:30: Error: listen EADDRINUSE: address already in use :::3000
2026-08-12 08:33:30:     at Server.setupListenHandle [as _listen2] (node:net:2009:16)
2026-08-12 08:33:30:     at listenInCluster (node:net:2066:12)
2026-08-12 08:33:30:     at Server.listen (node:net:2171:7)
2026-08-12 08:33:30:     at Object.<anonymous> (C:\Users\奚郁\Desktop\jinhe-trip\server.js:387:8)
2026-08-12 08:33:30:     at Module._compile (node:internal/modules/cjs/loader:1871:14)
2026-08-12 08:33:30:     at Object..js (node:internal/modules/cjs/loader:2002:10)
2026-08-12 08:33:30:     at Module.load (node:internal/modules/cjs/loader:1594:32)
2026-08-12 08:33:30:     at Module._load (node:internal/modules/cjs/loader:1396:12)
2026-08-12 08:33:30:     at Object.<anonymous> (C:\Users\奚郁\AppData\Local\npm-cache\_npx\5f7878ce38f1eb13\node_modules\pm2\lib\ProcessContainerFork.js:32:23)
2026-08-12 08:33:30:     at Module._compile (node:internal/modules/cjs/loader:1871:14) {
2026-08-12 08:33:30:   code: 'EADDRINUSE',
2026-08-12 08:33:30:   errno: -4091,
2026-08-12 08:33:30:   syscall: 'listen',
2026-08-12 08:33:30:   address: '::',
2026-08-12 08:33:30:   port: 3000
2026-08-12 08:33:30: }
2026-08-12 08:33:34: Error: listen EADDRINUSE: address already in use :::3000
2026-08-12 08:33:34:     at Server.setupListenHandle [as _listen2] (node:net:2009:16)
2026-08-12 08:33:34:     at listenInCluster (node:net:2066:12)
2026-08-12 08:33:34:     at Server.listen (node:net:2171:7)
2026-08-12 08:33:34:     at Object.<anonymous> (C:\Users\奚郁\Desktop\jinhe-trip\server.js:387:8)
2026-08-12 08:33:34:     at Module._compile (node:internal/modules/cjs/loader:1871:14)
2026-08-12 08:33:34:     at Object..js (node:internal/modules/cjs/loader:2002:10)
2026-08-12 08:33:34:     at Module.load (node:internal/modules/cjs/loader:1594:32)
2026-08-12 08:33:34:     at Module._load (node:internal/modules/cjs/loader:1396:12)
2026-08-12 08:33:34:     at Object.<anonymous> (C:\Users\奚郁\AppData\Local\npm-cache\_npx\5f7878ce38f1eb13\node_modules\pm2\lib\ProcessContainerFork.js:32:23)
2026-08-12 08:33:34:     at Module._compile (node:internal/modules/cjs/loader:1871:14) {
2026-08-12 08:33:34:   code: 'EADDRINUSE',
2026-08-12 08:33:34:   errno: -4091,
2026-08-12 08:33:34:   syscall: 'listen',
2026-08-12 08:33:34:   address: '::',
2026-08-12 08:33:34:   port: 3000
2026-08-12 08:33:34: }
2026-08-12 08:33:37: Error: listen EADDRINUSE: address already in use :::3000
2026-08-12 08:33:37:     at Server.setupListenHandle [as _listen2] (node:net:2009:16)
2026-08-12 08:33:37:     at listenInCluster (node:net:2066:12)
2026-08-12 08:33:37:     at Server.listen (node:net:2171:7)
2026-08-12 08:33:37:     at Object.<anonymous> (C:\Users\奚郁\Desktop\jinhe-trip\server.js:387:8)
2026-08-12 08:33:37:     at Module._compile (node:internal/modules/cjs/loader:1871:14)
2026-08-12 08:33:37:     at Object..js (node:internal/modules/cjs/loader:2002:10)
2026-08-12 08:33:37:     at Module.load (node:internal/modules/cjs/loader:1594:32)
2026-08-12 08:33:37:     at Module._load (node:internal/modules/cjs/loader:1396:12)
2026-08-12 08:33:37:     at Object.<anonymous> (C:\Users\奚郁\AppData\Local\npm-cache\_npx\5f7878ce38f1eb13\node_modules\pm2\lib\ProcessContainerFork.js:32:23)
2026-08-12 08:33:37:     at Module._compile (node:internal/modules/cjs/loader:1871:14) {
2026-08-12 08:33:37:   code: 'EADDRINUSE',
2026-08-12 08:33:37:   errno: -4091,
2026-08-12 08:33:37:   syscall: 'listen',
2026-08-12 08:33:37:   address: '::',
2026-08-12 08:33:37:   port: 3000
2026-08-12 08:33:37: }
2026-08-12 08:33:41: Error: listen EADDRINUSE: address already in use :::3000
2026-08-12 08:33:41:     at Server.setupListenHandle [as _listen2] (node:net:2009:16)
2026-08-12 08:33:41:     at listenInCluster (node:net:2066:12)
2026-08-12 08:33:41:     at Server.listen (node:net:2171:7)
2026-08-12 08:33:41:     at Object.<anonymous> (C:\Users\奚郁\Desktop\jinhe-trip\server.js:387:8)
2026-08-12 08:33:41:     at Module._compile (node:internal/modules/cjs/loader:1871:14)
2026-08-12 08:33:41:     at Object..js (node:internal/modules/cjs/loader:2002:10)
2026-08-12 08:33:41:     at Module.load (node:internal/modules/cjs/loader:1594:32)
2026-08-12 08:33:41:     at Module._load (node:internal/modules/cjs/loader:1396:12)
2026-08-12 08:33:41:     at Object.<anonymous> (C:\Users\奚郁\AppData\Local\npm-cache\_npx\5f7878ce38f1eb13\node_modules\pm2\lib\ProcessContainerFork.js:32:23)
2026-08-12 08:33:41:     at Module._compile (node:internal/modules/cjs/loader:1871:14) {
2026-08-12 08:33:41:   code: 'EADDRINUSE',
2026-08-12 08:33:41:   errno: -4091,
2026-08-12 08:33:41:   syscall: 'listen',
2026-08-12 08:33:41:   address: '::',
2026-08-12 08:33:41:   port: 3000
2026-08-12 08:33:41: }
2026-08-12 08:33:44: Error: listen EADDRINUSE: address already in use :::3000
2026-08-12 08:33:44:     at Server.setupListenHandle [as _listen2] (node:net:2009:16)
2026-08-12 08:33:44:     at listenInCluster (node:net:2066:12)
2026-08-12 08:33:44:     at Server.listen (node:net:2171:7)
2026-08-12 08:33:44:     at Object.<anonymous> (C:\Users\奚郁\Desktop\jinhe-trip\server.js:387:8)
2026-08-12 08:33:44:     at Module._compile (node:internal/modules/cjs/loader:1871:14)
2026-08-12 08:33:44:     at Object..js (node:internal/modules/cjs/loader:2002:10)
2026-08-12 08:33:44:     at Module.load (node:internal/modules/cjs/loader:1594:32)
2026-08-12 08:33:44:     at Module._load (node:internal/modules/cjs/loader:1396:12)
2026-08-12 08:33:44:     at Object.<anonymous> (C:\Users\奚郁\AppData\Local\npm-cache\_npx\5f7878ce38f1eb13\node_modules\pm2\lib\ProcessContainerFork.js:32:23)
2026-08-12 08:33:44:     at Module._compile (node:internal/modules/cjs/loader:1871:14) {
2026-08-12 08:33:44:   code: 'EADDRINUSE',
2026-08-12 08:33:44:   errno: -4091,
2026-08-12 08:33:44:   syscall: 'listen',
2026-08-12 08:33:44:   address: '::',
2026-08-12 08:33:44:   port: 3000
2026-08-12 08:33:44: }
2026-08-12 08:33:48: Error: listen EADDRINUSE: address already in use :::3000
2026-08-12 08:33:48:     at Server.setupListenHandle [as _listen2] (node:net:2009:16)
2026-08-12 08:33:48:     at listenInCluster (node:net:2066:12)
2026-08-12 08:33:48:     at Server.listen (node:net:2171:7)
2026-08-12 08:33:48:     at Object.<anonymous> (C:\Users\奚郁\Desktop\jinhe-trip\server.js:387:8)
2026-08-12 08:33:48:     at Module._compile (node:internal/modules/cjs/loader:1871:14)
2026-08-12 08:33:48:     at Object..js (node:internal/modules/cjs/loader:2002:10)
2026-08-12 08:33:48:     at Module.load (node:internal/modules/cjs/loader:1594:32)
2026-08-12 08:33:48:     at Module._load (node:internal/modules/cjs/loader:1396:12)
2026-08-12 08:33:48:     at Object.<anonymous> (C:\Users\奚郁\AppData\Local\npm-cache\_npx\5f7878ce38f1eb13\node_modules\pm2\lib\ProcessContainerFork.js:32:23)
2026-08-12 08:33:48:     at Module._compile (node:internal/modules/cjs/loader:1871:14) {
2026-08-12 08:33:48:   code: 'EADDRINUSE',
2026-08-12 08:33:48:   errno: -4091,
2026-08-12 08:33:48:   syscall: 'listen',
2026-08-12 08:33:48:   address: '::',
2026-08-12 08:33:48:   port: 3000
2026-08-12 08:33:48: }
2026-08-12 08:33:51: Error: listen EADDRINUSE: address already in use :::3000
2026-08-12 08:33:51:     at Server.setupListenHandle [as _listen2] (node:net:2009:16)
2026-08-12 08:33:51:     at listenInCluster (node:net:2066:12)
2026-08-12 08:33:51:     at Server.listen (node:net:2171:7)
2026-08-12 08:33:51:     at Object.<anonymous> (C:\Users\奚郁\Desktop\jinhe-trip\server.js:387:8)
2026-08-12 08:33:51:     at Module._compile (node:internal/modules/cjs/loader:1871:14)
2026-08-12 08:33:51:     at Object..js (node:internal/modules/cjs/loader:2002:10)
2026-08-12 08:33:51:     at Module.load (node:internal/modules/cjs/loader:1594:32)
2026-08-12 08:33:51:     at Module._load (node:internal/modules/cjs/loader:1396:12)
2026-08-12 08:33:51:     at Object.<anonymous> (C:\Users\奚郁\AppData\Local\npm-cache\_npx\5f7878ce38f1eb13\node_modules\pm2\lib\ProcessContainerFork.js:32:23)
2026-08-12 08:33:51:     at Module._compile (node:internal/modules/cjs/loader:1871:14) {
2026-08-12 08:33:51:   code: 'EADDRINUSE',
2026-08-12 08:33:51:   errno: -4091,
2026-08-12 08:33:51:   syscall: 'listen',
2026-08-12 08:33:51:   address: '::',
2026-08-12 08:33:51:   port: 3000
2026-08-12 08:33:51: }
2026-08-12 08:33:55: Error: listen EADDRINUSE: address already in use :::3000
2026-08-12 08:33:55:     at Server.setupListenHandle [as _listen2] (node:net:2009:16)
2026-08-12 08:33:55:     at listenInCluster (node:net:2066:12)
2026-08-12 08:33:55:     at Server.listen (node:net:2171:7)
2026-08-12 08:33:55:     at Object.<anonymous> (C:\Users\奚郁\Desktop\jinhe-trip\server.js:387:8)
2026-08-12 08:33:55:     at Module._compile (node:internal/modules/cjs/loader:1871:14)
2026-08-12 08:33:55:     at Object..js (node:internal/modules/cjs/loader:2002:10)
2026-08-12 08:33:55:     at Module.load (node:internal/modules/cjs/loader:1594:32)
2026-08-12 08:33:55:     at Module._load (node:internal/modules/cjs/loader:1396:12)
2026-08-12 08:33:55:     at Object.<anonymous> (C:\Users\奚郁\AppData\Local\npm-cache\_npx\5f7878ce38f1eb13\node_modules\pm2\lib\ProcessContainerFork.js:32:23)
2026-08-12 08:33:55:     at Module._compile (node:internal/modules/cjs/loader:1871:14) {
2026-08-12 08:33:55:   code: 'EADDRINUSE',
2026-08-12 08:33:55:   errno: -4091,
2026-08-12 08:33:55:   syscall: 'listen',
2026-08-12 08:33:55:   address: '::',
2026-08-12 08:33:55:   port: 3000
2026-08-12 08:33:55: }
2026-08-12 08:33:58: Error: listen EADDRINUSE: address already in use :::3000
2026-08-12 08:33:58:     at Server.setupListenHandle [as _listen2] (node:net:2009:16)
2026-08-12 08:33:58:     at listenInCluster (node:net:2066:12)
2026-08-12 08:33:58:     at Server.listen (node:net:2171:7)
2026-08-12 08:33:58:     at Object.<anonymous> (C:\Users\奚郁\Desktop\jinhe-trip\server.js:387:8)
2026-08-12 08:33:58:     at Module._compile (node:internal/modules/cjs/loader:1871:14)
2026-08-12 08:33:58:     at Object..js (node:internal/modules/cjs/loader:2002:10)
2026-08-12 08:33:58:     at Module.load (node:internal/modules/cjs/loader:1594:32)
2026-08-12 08:33:58:     at Module._load (node:internal/modules/cjs/loader:1396:12)
2026-08-12 08:33:58:     at Object.<anonymous> (C:\Users\奚郁\AppData\Local\npm-cache\_npx\5f7878ce38f1eb13\node_modules\pm2\lib\ProcessContainerFork.js:32:23)
2026-08-12 08:33:58:     at Module._compile (node:internal/modules/cjs/loader:1871:14) {
2026-08-12 08:33:58:   code: 'EADDRINUSE',
2026-08-12 08:33:58:   errno: -4091,
2026-08-12 08:33:58:   syscall: 'listen',
2026-08-12 08:33:58:   address: '::',
2026-08-12 08:33:58:   port: 3000
2026-08-12 08:33:58: }
2026-08-12 08:34:02: Error: listen EADDRINUSE: address already in use :::3000
2026-08-12 08:34:02:     at Server.setupListenHandle [as _listen2] (node:net:2009:16)
2026-08-12 08:34:02:     at listenInCluster (node:net:2066:12)
2026-08-12 08:34:02:     at Server.listen (node:net:2171:7)
2026-08-12 08:34:02:     at Object.<anonymous> (C:\Users\奚郁\Desktop\jinhe-trip\server.js:387:8)
2026-08-12 08:34:02:     at Module._compile (node:internal/modules/cjs/loader:1871:14)
2026-08-12 08:34:02:     at Object..js (node:internal/modules/cjs/loader:2002:10)
2026-08-12 08:34:02:     at Module.load (node:internal/modules/cjs/loader:1594:32)
2026-08-12 08:34:02:     at Module._load (node:internal/modules/cjs/loader:1396:12)
2026-08-12 08:34:02:     at Object.<anonymous> (C:\Users\奚郁\AppData\Local\npm-cache\_npx\5f7878ce38f1eb13\node_modules\pm2\lib\ProcessContainerFork.js:32:23)
2026-08-12 08:34:02:     at Module._compile (node:internal/modules/cjs/loader:1871:14) {
2026-08-12 08:34:02:   code: 'EADDRINUSE',
2026-08-12 08:34:02:   errno: -4091,
2026-08-12 08:34:02:   syscall: 'listen',
2026-08-12 08:34:02:   address: '::',
2026-08-12 08:34:02:   port: 3000
2026-08-12 08:34:02: }
2026-08-12 08:34:05: Error: listen EADDRINUSE: address already in use :::3000
2026-08-12 08:34:05:     at Server.setupListenHandle [as _listen2] (node:net:2009:16)
2026-08-12 08:34:05:     at listenInCluster (node:net:2066:12)
2026-08-12 08:34:05:     at Server.listen (node:net:2171:7)
2026-08-12 08:34:05:     at Object.<anonymous> (C:\Users\奚郁\Desktop\jinhe-trip\server.js:387:8)
2026-08-12 08:34:05:     at Module._compile (node:internal/modules/cjs/loader:1871:14)
2026-08-12 08:34:05:     at Object..js (node:internal/modules/cjs/loader:2002:10)
2026-08-12 08:34:05:     at Module.load (node:internal/modules/cjs/loader:1594:32)
2026-08-12 08:34:05:     at Module._load (node:internal/modules/cjs/loader:1396:12)
2026-08-12 08:34:05:     at Object.<anonymous> (C:\Users\奚郁\AppData\Local\npm-cache\_npx\5f7878ce38f1eb13\node_modules\pm2\lib\ProcessContainerFork.js:32:23)
2026-08-12 08:34:05:     at Module._compile (node:internal/modules/cjs/loader:1871:14) {
2026-08-12 08:34:05:   code: 'EADDRINUSE',
2026-08-12 08:34:05:   errno: -4091,
2026-08-12 08:34:05:   syscall: 'listen',
2026-08-12 08:34:05:   address: '::',
2026-08-12 08:34:05:   port: 3000
2026-08-12 08:34:05: }
2026-08-12 08:34:09: Error: listen EADDRINUSE: address already in use :::3000
2026-08-12 08:34:09:     at Server.setupListenHandle [as _listen2] (node:net:2009:16)
2026-08-12 08:34:09:     at listenInCluster (node:net:2066:12)
2026-08-12 08:34:09:     at Server.listen (node:net:2171:7)
2026-08-12 08:34:09:     at Object.<anonymous> (C:\Users\奚郁\Desktop\jinhe-trip\server.js:387:8)
2026-08-12 08:34:09:     at Module._compile (node:internal/modules/cjs/loader:1871:14)
2026-08-12 08:34:09:     at Object..js (node:internal/modules/cjs/loader:2002:10)
2026-08-12 08:34:09:     at Module.load (node:internal/modules/cjs/loader:1594:32)
2026-08-12 08:34:09:     at Module._load (node:internal/modules/cjs/loader:1396:12)
2026-08-12 08:34:09:     at Object.<anonymous> (C:\Users\奚郁\AppData\Local\npm-cache\_npx\5f7878ce38f1eb13\node_modules\pm2\lib\ProcessContainerFork.js:32:23)
2026-08-12 08:34:09:     at Module._compile (node:internal/modules/cjs/loader:1871:14) {
2026-08-12 08:34:09:   code: 'EADDRINUSE',
2026-08-12 08:34:09:   errno: -4091,
2026-08-12 08:34:09:   syscall: 'listen',
2026-08-12 08:34:09:   address: '::',
2026-08-12 08:34:09:   port: 3000
2026-08-12 08:34:09: }
2026-08-12 08:34:13: Error: listen EADDRINUSE: address already in use :::3000
2026-08-12 08:34:13:     at Server.setupListenHandle [as _listen2] (node:net:2009:16)
2026-08-12 08:34:13:     at listenInCluster (node:net:2066:12)
2026-08-12 08:34:13:     at Server.listen (node:net:2171:7)
2026-08-12 08:34:13:     at Object.<anonymous> (C:\Users\奚郁\Desktop\jinhe-trip\server.js:387:8)
2026-08-12 08:34:13:     at Module._compile (node:internal/modules/cjs/loader:1871:14)
2026-08-12 08:34:13:     at Object..js (node:internal/modules/cjs/loader:2002:10)
2026-08-12 08:34:13:     at Module.load (node:internal/modules/cjs/loader:1594:32)
2026-08-12 08:34:13:     at Module._load (node:internal/modules/cjs/loader:1396:12)
2026-08-12 08:34:13:     at Object.<anonymous> (C:\Users\奚郁\AppData\Local\npm-cache\_npx\5f7878ce38f1eb13\node_modules\pm2\lib\ProcessContainerFork.js:32:23)
2026-08-12 08:34:13:     at Module._compile (node:internal/modules/cjs/loader:1871:14) {
2026-08-12 08:34:13:   code: 'EADDRINUSE',
2026-08-12 08:34:13:   errno: -4091,
2026-08-12 08:34:13:   syscall: 'listen',
2026-08-12 08:34:13:   address: '::',
2026-08-12 08:34:13:   port: 3000
2026-08-12 08:34:13: }
2026-08-12 08:34:16: Error: listen EADDRINUSE: address already in use :::3000
2026-08-12 08:34:16:     at Server.setupListenHandle [as _listen2] (node:net:2009:16)
2026-08-12 08:34:16:     at listenInCluster (node:net:2066:12)
2026-08-12 08:34:16:     at Server.listen (node:net:2171:7)
2026-08-12 08:34:16:     at Object.<anonymous> (C:\Users\奚郁\Desktop\jinhe-trip\server.js:387:8)
2026-08-12 08:34:16:     at Module._compile (node:internal/modules/cjs/loader:1871:14)
2026-08-12 08:34:16:     at Object..js (node:internal/modules/cjs/loader:2002:10)
2026-08-12 08:34:16:     at Module.load (node:internal/modules/cjs/loader:1594:32)
2026-08-12 08:34:16:     at Module._load (node:internal/modules/cjs/loader:1396:12)
2026-08-12 08:34:16:     at Object.<anonymous> (C:\Users\奚郁\AppData\Local\npm-cache\_npx\5f7878ce38f1eb13\node_modules\pm2\lib\ProcessContainerFork.js:32:23)
2026-08-12 08:34:16:     at Module._compile (node:internal/modules/cjs/loader:1871:14) {
2026-08-12 08:34:16:   code: 'EADDRINUSE',
2026-08-12 08:34:16:   errno: -4091,
2026-08-12 08:34:16:   syscall: 'listen',
2026-08-12 08:34:16:   address: '::',
2026-08-12 08:34:16:   port: 3000
2026-08-12 08:34:16: }
2026-08-12 08:34:20: Error: listen EADDRINUSE: address already in use :::3000
2026-08-12 08:34:20:     at Server.setupListenHandle [as _listen2] (node:net:2009:16)
2026-08-12 08:34:20:     at listenInCluster (node:net:2066:12)
2026-08-12 08:34:20:     at Server.listen (node:net:2171:7)
2026-08-12 08:34:20:     at Object.<anonymous> (C:\Users\奚郁\Desktop\jinhe-trip\server.js:387:8)
2026-08-12 08:34:20:     at Module._compile (node:internal/modules/cjs/loader:1871:14)
2026-08-12 08:34:20:     at Object..js (node:internal/modules/cjs/loader:2002:10)
2026-08-12 08:34:20:     at Module.load (node:internal/modules/cjs/loader:1594:32)
2026-08-12 08:34:20:     at Module._load (node:internal/modules/cjs/loader:1396:12)
2026-08-12 08:34:20:     at Object.<anonymous> (C:\Users\奚郁\AppData\Local\npm-cache\_npx\5f7878ce38f1eb13\node_modules\pm2\lib\ProcessContainerFork.js:32:23)
2026-08-12 08:34:20:     at Module._compile (node:internal/modules/cjs/loader:1871:14) {
2026-08-12 08:34:20:   code: 'EADDRINUSE',
2026-08-12 08:34:20:   errno: -4091,
2026-08-12 08:34:20:   syscall: 'listen',
2026-08-12 08:34:20:   address: '::',
2026-08-12 08:34:20:   port: 3000
2026-08-12 08:34:20: }
2026-08-12 08:34:23: Error: listen EADDRINUSE: address already in use :::3000
2026-08-12 08:34:23:     at Server.setupListenHandle [as _listen2] (node:net:2009:16)
2026-08-12 08:34:23:     at listenInCluster (node:net:2066:12)
2026-08-12 08:34:23:     at Server.listen (node:net:2171:7)
2026-08-12 08:34:23:     at Object.<anonymous> (C:\Users\奚郁\Desktop\jinhe-trip\server.js:387:8)
2026-08-12 08:34:23:     at Module._compile (node:internal/modules/cjs/loader:1871:14)
2026-08-12 08:34:23:     at Object..js (node:internal/modules/cjs/loader:2002:10)
2026-08-12 08:34:23:     at Module.load (node:internal/modules/cjs/loader:1594:32)
2026-08-12 08:34:23:     at Module._load (node:internal/modules/cjs/loader:1396:12)
2026-08-12 08:34:23:     at Object.<anonymous> (C:\Users\奚郁\AppData\Local\npm-cache\_npx\5f7878ce38f1eb13\node_modules\pm2\lib\ProcessContainerFork.js:32:23)
2026-08-12 08:34:23:     at Module._compile (node:internal/modules/cjs/loader:1871:14) {
2026-08-12 08:34:23:   code: 'EADDRINUSE',
2026-08-12 08:34:23:   errno: -4091,
2026-08-12 08:34:23:   syscall: 'listen',
2026-08-12 08:34:23:   address: '::',
2026-08-12 08:34:23:   port: 3000
2026-08-12 08:34:23: }
2026-08-12 08:34:27: Error: listen EADDRINUSE: address already in use :::3000
2026-08-12 08:34:27:     at Server.setupListenHandle [as _listen2] (node:net:2009:16)
2026-08-12 08:34:27:     at listenInCluster (node:net:2066:12)
2026-08-12 08:34:27:     at Server.listen (node:net:2171:7)
2026-08-12 08:34:27:     at Object.<anonymous> (C:\Users\奚郁\Desktop\jinhe-trip\server.js:387:8)
2026-08-12 08:34:27:     at Module._compile (node:internal/modules/cjs/loader:1871:14)
2026-08-12 08:34:27:     at Object..js (node:internal/modules/cjs/loader:2002:10)
2026-08-12 08:34:27:     at Module.load (node:internal/modules/cjs/loader:1594:32)
2026-08-12 08:34:27:     at Module._load (node:internal/modules/cjs/loader:1396:12)
2026-08-12 08:34:27:     at Object.<anonymous> (C:\Users\奚郁\AppData\Local\npm-cache\_npx\5f7878ce38f1eb13\node_modules\pm2\lib\ProcessContainerFork.js:32:23)
2026-08-12 08:34:27:     at Module._compile (node:internal/modules/cjs/loader:1871:14) {
2026-08-12 08:34:27:   code: 'EADDRINUSE',
2026-08-12 08:34:27:   errno: -4091,
2026-08-12 08:34:27:   syscall: 'listen',
2026-08-12 08:34:27:   address: '::',
2026-08-12 08:34:27:   port: 3000
2026-08-12 08:34:27: }
2026-08-12 08:34:30: Error: listen EADDRINUSE: address already in use :::3000
2026-08-12 08:34:30:     at Server.setupListenHandle [as _listen2] (node:net:2009:16)
2026-08-12 08:34:30:     at listenInCluster (node:net:2066:12)
2026-08-12 08:34:30:     at Server.listen (node:net:2171:7)
2026-08-12 08:34:30:     at Object.<anonymous> (C:\Users\奚郁\Desktop\jinhe-trip\server.js:387:8)
2026-08-12 08:34:30:     at Module._compile (node:internal/modules/cjs/loader:1871:14)
2026-08-12 08:34:30:     at Object..js (node:internal/modules/cjs/loader:2002:10)
2026-08-12 08:34:30:     at Module.load (node:internal/modules/cjs/loader:1594:32)
2026-08-12 08:34:30:     at Module._load (node:internal/modules/cjs/loader:1396:12)
2026-08-12 08:34:30:     at Object.<anonymous> (C:\Users\奚郁\AppData\Local\npm-cache\_npx\5f7878ce38f1eb13\node_modules\pm2\lib\ProcessContainerFork.js:32:23)
2026-08-12 08:34:30:     at Module._compile (node:internal/modules/cjs/loader:1871:14) {
2026-08-12 08:34:30:   code: 'EADDRINUSE',
2026-08-12 08:34:30:   errno: -4091,
2026-08-12 08:34:30:   syscall: 'listen',
2026-08-12 08:34:30:   address: '::',
2026-08-12 08:34:30:   port: 3000
2026-08-12 08:34:30: }
2026-08-12 08:34:34: Error: listen EADDRINUSE: address already in use :::3000
2026-08-12 08:34:34:     at Server.setupListenHandle [as _listen2] (node:net:2009:16)
2026-08-12 08:34:34:     at listenInCluster (node:net:2066:12)
2026-08-12 08:34:34:     at Server.listen (node:net:2171:7)
2026-08-12 08:34:34:     at Object.<anonymous> (C:\Users\奚郁\Desktop\jinhe-trip\server.js:387:8)
2026-08-12 08:34:34:     at Module._compile (node:internal/modules/cjs/loader:1871:14)
2026-08-12 08:34:34:     at Object..js (node:internal/modules/cjs/loader:2002:10)
2026-08-12 08:34:34:     at Module.load (node:internal/modules/cjs/loader:1594:32)
2026-08-12 08:34:34:     at Module._load (node:internal/modules/cjs/loader:1396:12)
2026-08-12 08:34:34:     at Object.<anonymous> (C:\Users\奚郁\AppData\Local\npm-cache\_npx\5f7878ce38f1eb13\node_modules\pm2\lib\ProcessContainerFork.js:32:23)
2026-08-12 08:34:34:     at Module._compile (node:internal/modules/cjs/loader:1871:14) {
2026-08-12 08:34:34:   code: 'EADDRINUSE',
2026-08-12 08:34:34:   errno: -4091,
2026-08-12 08:34:34:   syscall: 'listen',
2026-08-12 08:34:34:   address: '::',
2026-08-12 08:34:34:   port: 3000
2026-08-12 08:34:34: }
2026-08-12 08:34:37: Error: listen EADDRINUSE: address already in use :::3000
2026-08-12 08:34:37:     at Server.setupListenHandle [as _listen2] (node:net:2009:16)
2026-08-12 08:34:37:     at listenInCluster (node:net:2066:12)
2026-08-12 08:34:37:     at Server.listen (node:net:2171:7)
2026-08-12 08:34:37:     at Object.<anonymous> (C:\Users\奚郁\Desktop\jinhe-trip\server.js:387:8)
2026-08-12 08:34:37:     at Module._compile (node:internal/modules/cjs/loader:1871:14)
2026-08-12 08:34:37:     at Object..js (node:internal/modules/cjs/loader:2002:10)
2026-08-12 08:34:37:     at Module.load (node:internal/modules/cjs/loader:1594:32)
2026-08-12 08:34:37:     at Module._load (node:internal/modules/cjs/loader:1396:12)
2026-08-12 08:34:37:     at Object.<anonymous> (C:\Users\奚郁\AppData\Local\npm-cache\_npx\5f7878ce38f1eb13\node_modules\pm2\lib\ProcessContainerFork.js:32:23)
2026-08-12 08:34:37:     at Module._compile (node:internal/modules/cjs/loader:1871:14) {
2026-08-12 08:34:37:   code: 'EADDRINUSE',
2026-08-12 08:34:37:   errno: -4091,
2026-08-12 08:34:37:   syscall: 'listen',
2026-08-12 08:34:37:   address: '::',
2026-08-12 08:34:37:   port: 3000
2026-08-12 08:34:37: }
2026-08-12 08:34:41: Error: listen EADDRINUSE: address already in use :::3000
2026-08-12 08:34:41:     at Server.setupListenHandle [as _listen2] (node:net:2009:16)
2026-08-12 08:34:41:     at listenInCluster (node:net:2066:12)
2026-08-12 08:34:41:     at Server.listen (node:net:2171:7)
2026-08-12 08:34:41:     at Object.<anonymous> (C:\Users\奚郁\Desktop\jinhe-trip\server.js:387:8)
2026-08-12 08:34:41:     at Module._compile (node:internal/modules/cjs/loader:1871:14)
2026-08-12 08:34:41:     at Object..js (node:internal/modules/cjs/loader:2002:10)
2026-08-12 08:34:41:     at Module.load (node:internal/modules/cjs/loader:1594:32)
2026-08-12 08:34:41:     at Module._load (node:internal/modules/cjs/loader:1396:12)
2026-08-12 08:34:41:     at Object.<anonymous> (C:\Users\奚郁\AppData\Local\npm-cache\_npx\5f7878ce38f1eb13\node_modules\pm2\lib\ProcessContainerFork.js:32:23)
2026-08-12 08:34:41:     at Module._compile (node:internal/modules/cjs/loader:1871:14) {
2026-08-12 08:34:41:   code: 'EADDRINUSE',
2026-08-12 08:34:41:   errno: -4091,
2026-08-12 08:34:41:   syscall: 'listen',
2026-08-12 08:34:41:   address: '::',
2026-08-12 08:34:41:   port: 3000
2026-08-12 08:34:41: }
2026-08-12 08:34:44: Error: listen EADDRINUSE: address already in use :::3000
2026-08-12 08:34:44:     at Server.setupListenHandle [as _listen2] (node:net:2009:16)
2026-08-12 08:34:44:     at listenInCluster (node:net:2066:12)
2026-08-12 08:34:44:     at Server.listen (node:net:2171:7)
2026-08-12 08:34:44:     at Object.<anonymous> (C:\Users\奚郁\Desktop\jinhe-trip\server.js:387:8)
2026-08-12 08:34:44:     at Module._compile (node:internal/modules/cjs/loader:1871:14)
2026-08-12 08:34:44:     at Object..js (node:internal/modules/cjs/loader:2002:10)
2026-08-12 08:34:44:     at Module.load (node:internal/modules/cjs/loader:1594:32)
2026-08-12 08:34:44:     at Module._load (node:internal/modules/cjs/loader:1396:12)
2026-08-12 08:34:44:     at Object.<anonymous> (C:\Users\奚郁\AppData\Local\npm-cache\_npx\5f7878ce38f1eb13\node_modules\pm2\lib\ProcessContainerFork.js:32:23)
2026-08-12 08:34:44:     at Module._compile (node:internal/modules/cjs/loader:1871:14) {
2026-08-12 08:34:44:   code: 'EADDRINUSE',
2026-08-12 08:34:44:   errno: -4091,
2026-08-12 08:34:44:   syscall: 'listen',
2026-08-12 08:34:44:   address: '::',
2026-08-12 08:34:44:   port: 3000
2026-08-12 08:34:44: }
2026-08-12 08:34:48: Error: listen EADDRINUSE: address already in use :::3000
2026-08-12 08:34:48:     at Server.setupListenHandle [as _listen2] (node:net:2009:16)
2026-08-12 08:34:48:     at listenInCluster (node:net:2066:12)
2026-08-12 08:34:48:     at Server.listen (node:net:2171:7)
2026-08-12 08:34:48:     at Object.<anonymous> (C:\Users\奚郁\Desktop\jinhe-trip\server.js:387:8)
2026-08-12 08:34:48:     at Module._compile (node:internal/modules/cjs/loader:1871:14)
2026-08-12 08:34:48:     at Object..js (node:internal/modules/cjs/loader:2002:10)
2026-08-12 08:34:48:     at Module.load (node:internal/modules/cjs/loader:1594:32)
2026-08-12 08:34:48:     at Module._load (node:internal/modules/cjs/loader:1396:12)
2026-08-12 08:34:48:     at Object.<anonymous> (C:\Users\奚郁\AppData\Local\npm-cache\_npx\5f7878ce38f1eb13\node_modules\pm2\lib\ProcessContainerFork.js:32:23)
2026-08-12 08:34:48:     at Module._compile (node:internal/modules/cjs/loader:1871:14) {
2026-08-12 08:34:48:   code: 'EADDRINUSE',
2026-08-12 08:34:48:   errno: -4091,
2026-08-12 08:34:48:   syscall: 'listen',
2026-08-12 08:34:48:   address: '::',
2026-08-12 08:34:48:   port: 3000
2026-08-12 08:34:48: }
2026-08-12 08:34:51: Error: listen EADDRINUSE: address already in use :::3000
2026-08-12 08:34:51:     at Server.setupListenHandle [as _listen2] (node:net:2009:16)
2026-08-12 08:34:51:     at listenInCluster (node:net:2066:12)
2026-08-12 08:34:51:     at Server.listen (node:net:2171:7)
2026-08-12 08:34:51:     at Object.<anonymous> (C:\Users\奚郁\Desktop\jinhe-trip\server.js:387:8)
2026-08-12 08:34:51:     at Module._compile (node:internal/modules/cjs/loader:1871:14)
2026-08-12 08:34:51:     at Object..js (node:internal/modules/cjs/loader:2002:10)
2026-08-12 08:34:51:     at Module.load (node:internal/modules/cjs/loader:1594:32)
2026-08-12 08:34:51:     at Module._load (node:internal/modules/cjs/loader:1396:12)
2026-08-12 08:34:51:     at Object.<anonymous> (C:\Users\奚郁\AppData\Local\npm-cache\_npx\5f7878ce38f1eb13\node_modules\pm2\lib\ProcessContainerFork.js:32:23)
2026-08-12 08:34:51:     at Module._compile (node:internal/modules/cjs/loader:1871:14) {
2026-08-12 08:34:51:   code: 'EADDRINUSE',
2026-08-12 08:34:51:   errno: -4091,
2026-08-12 08:34:51:   syscall: 'listen',
2026-08-12 08:34:51:   address: '::',
2026-08-12 08:34:51:   port: 3000
2026-08-12 08:34:51: }
2026-08-12 08:34:55: Error: listen EADDRINUSE: address already in use :::3000
2026-08-12 08:34:55:     at Server.setupListenHandle [as _listen2] (node:net:2009:16)
2026-08-12 08:34:55:     at listenInCluster (node:net:2066:12)
2026-08-12 08:34:55:     at Server.listen (node:net:2171:7)
2026-08-12 08:34:55:     at Object.<anonymous> (C:\Users\奚郁\Desktop\jinhe-trip\server.js:387:8)
2026-08-12 08:34:55:     at Module._compile (node:internal/modules/cjs/loader:1871:14)
2026-08-12 08:34:55:     at Object..js (node:internal/modules/cjs/loader:2002:10)
2026-08-12 08:34:55:     at Module.load (node:internal/modules/cjs/loader:1594:32)
2026-08-12 08:34:55:     at Module._load (node:internal/modules/cjs/loader:1396:12)
2026-08-12 08:34:55:     at Object.<anonymous> (C:\Users\奚郁\AppData\Local\npm-cache\_npx\5f7878ce38f1eb13\node_modules\pm2\lib\ProcessContainerFork.js:32:23)
2026-08-12 08:34:55:     at Module._compile (node:internal/modules/cjs/loader:1871:14) {
2026-08-12 08:34:55:   code: 'EADDRINUSE',
2026-08-12 08:34:55:   errno: -4091,
2026-08-12 08:34:55:   syscall: 'listen',
2026-08-12 08:34:55:   address: '::',
2026-08-12 08:34:55:   port: 3000
2026-08-12 08:34:55: }
2026-08-12 08:34:58: Error: listen EADDRINUSE: address already in use :::3000
2026-08-12 08:34:58:     at Server.setupListenHandle [as _listen2] (node:net:2009:16)
2026-08-12 08:34:58:     at listenInCluster (node:net:2066:12)
2026-08-12 08:34:58:     at Server.listen (node:net:2171:7)
2026-08-12 08:34:58:     at Object.<anonymous> (C:\Users\奚郁\Desktop\jinhe-trip\server.js:387:8)
2026-08-12 08:34:58:     at Module._compile (node:internal/modules/cjs/loader:1871:14)
2026-08-12 08:34:58:     at Object..js (node:internal/modules/cjs/loader:2002:10)
2026-08-12 08:34:58:     at Module.load (node:internal/modules/cjs/loader:1594:32)
2026-08-12 08:34:58:     at Module._load (node:internal/modules/cjs/loader:1396:12)
2026-08-12 08:34:58:     at Object.<anonymous> (C:\Users\奚郁\AppData\Local\npm-cache\_npx\5f7878ce38f1eb13\node_modules\pm2\lib\ProcessContainerFork.js:32:23)
2026-08-12 08:34:58:     at Module._compile (node:internal/modules/cjs/loader:1871:14) {
2026-08-12 08:34:58:   code: 'EADDRINUSE',
2026-08-12 08:34:58:   errno: -4091,
2026-08-12 08:34:58:   syscall: 'listen',
2026-08-12 08:34:58:   address: '::',
2026-08-12 08:34:58:   port: 3000
2026-08-12 08:34:58: }
2026-08-12 08:35:02: Error: listen EADDRINUSE: address already in use :::3000
2026-08-12 08:35:02:     at Server.setupListenHandle [as _listen2] (node:net:2009:16)
2026-08-12 08:35:02:     at listenInCluster (node:net:2066:12)
2026-08-12 08:35:02:     at Server.listen (node:net:2171:7)
2026-08-12 08:35:02:     at Object.<anonymous> (C:\Users\奚郁\Desktop\jinhe-trip\server.js:387:8)
2026-08-12 08:35:02:     at Module._compile (node:internal/modules/cjs/loader:1871:14)
2026-08-12 08:35:02:     at Object..js (node:internal/modules/cjs/loader:2002:10)
2026-08-12 08:35:02:     at Module.load (node:internal/modules/cjs/loader:1594:32)
2026-08-12 08:35:02:     at Module._load (node:internal/modules/cjs/loader:1396:12)
2026-08-12 08:35:02:     at Object.<anonymous> (C:\Users\奚郁\AppData\Local\npm-cache\_npx\5f7878ce38f1eb13\node_modules\pm2\lib\ProcessContainerFork.js:32:23)
2026-08-12 08:35:02:     at Module._compile (node:internal/modules/cjs/loader:1871:14) {
2026-08-12 08:35:02:   code: 'EADDRINUSE',
2026-08-12 08:35:02:   errno: -4091,
2026-08-12 08:35:02:   syscall: 'listen',
2026-08-12 08:35:02:   address: '::',
2026-08-12 08:35:02:   port: 3000
2026-08-12 08:35:02: }
2026-08-12 08:35:06: Error: listen EADDRINUSE: address already in use :::3000
2026-08-12 08:35:06:     at Server.setupListenHandle [as _listen2] (node:net:2009:16)
2026-08-12 08:35:06:     at listenInCluster (node:net:2066:12)
2026-08-12 08:35:06:     at Server.listen (node:net:2171:7)
2026-08-12 08:35:06:     at Object.<anonymous> (C:\Users\奚郁\Desktop\jinhe-trip\server.js:387:8)
2026-08-12 08:35:06:     at Module._compile (node:internal/modules/cjs/loader:1871:14)
2026-08-12 08:35:06:     at Object..js (node:internal/modules/cjs/loader:2002:10)
2026-08-12 08:35:06:     at Module.load (node:internal/modules/cjs/loader:1594:32)
2026-08-12 08:35:06:     at Module._load (node:internal/modules/cjs/loader:1396:12)
2026-08-12 08:35:06:     at Object.<anonymous> (C:\Users\奚郁\AppData\Local\npm-cache\_npx\5f7878ce38f1eb13\node_modules\pm2\lib\ProcessContainerFork.js:32:23)
2026-08-12 08:35:06:     at Module._compile (node:internal/modules/cjs/loader:1871:14) {
2026-08-12 08:35:06:   code: 'EADDRINUSE',
2026-08-12 08:35:06:   errno: -4091,
2026-08-12 08:35:06:   syscall: 'listen',
2026-08-12 08:35:06:   address: '::',
2026-08-12 08:35:06:   port: 3000
2026-08-12 08:35:06: }
2026-08-12 08:35:09: Error: listen EADDRINUSE: address already in use :::3000
2026-08-12 08:35:09:     at Server.setupListenHandle [as _listen2] (node:net:2009:16)
2026-08-12 08:35:09:     at listenInCluster (node:net:2066:12)
2026-08-12 08:35:09:     at Server.listen (node:net:2171:7)
2026-08-12 08:35:09:     at Object.<anonymous> (C:\Users\奚郁\Desktop\jinhe-trip\server.js:387:8)
2026-08-12 08:35:09:     at Module._compile (node:internal/modules/cjs/loader:1871:14)
2026-08-12 08:35:09:     at Object..js (node:internal/modules/cjs/loader:2002:10)
2026-08-12 08:35:09:     at Module.load (node:internal/modules/cjs/loader:1594:32)
2026-08-12 08:35:09:     at Module._load (node:internal/modules/cjs/loader:1396:12)
2026-08-12 08:35:09:     at Object.<anonymous> (C:\Users\奚郁\AppData\Local\npm-cache\_npx\5f7878ce38f1eb13\node_modules\pm2\lib\ProcessContainerFork.js:32:23)
2026-08-12 08:35:09:     at Module._compile (node:internal/modules/cjs/loader:1871:14) {
2026-08-12 08:35:09:   code: 'EADDRINUSE',
2026-08-12 08:35:09:   errno: -4091,
2026-08-12 08:35:09:   syscall: 'listen',
2026-08-12 08:35:09:   address: '::',
2026-08-12 08:35:09:   port: 3000
2026-08-12 08:35:09: }
2026-08-12 08:35:13: Error: listen EADDRINUSE: address already in use :::3000
2026-08-12 08:35:13:     at Server.setupListenHandle [as _listen2] (node:net:2009:16)
2026-08-12 08:35:13:     at listenInCluster (node:net:2066:12)
2026-08-12 08:35:13:     at Server.listen (node:net:2171:7)
2026-08-12 08:35:13:     at Object.<anonymous> (C:\Users\奚郁\Desktop\jinhe-trip\server.js:387:8)
2026-08-12 08:35:13:     at Module._compile (node:internal/modules/cjs/loader:1871:14)
2026-08-12 08:35:13:     at Object..js (node:internal/modules/cjs/loader:2002:10)
2026-08-12 08:35:13:     at Module.load (node:internal/modules/cjs/loader:1594:32)
2026-08-12 08:35:13:     at Module._load (node:internal/modules/cjs/loader:1396:12)
2026-08-12 08:35:13:     at Object.<anonymous> (C:\Users\奚郁\AppData\Local\npm-cache\_npx\5f7878ce38f1eb13\node_modules\pm2\lib\ProcessContainerFork.js:32:23)
2026-08-12 08:35:13:     at Module._compile (node:internal/modules/cjs/loader:1871:14) {
2026-08-12 08:35:13:   code: 'EADDRINUSE',
2026-08-12 08:35:13:   errno: -4091,
2026-08-12 08:35:13:   syscall: 'listen',
2026-08-12 08:35:13:   address: '::',
2026-08-12 08:35:13:   port: 3000
2026-08-12 08:35:13: }
2026-08-12 08:35:16: Error: listen EADDRINUSE: address already in use :::3000
2026-08-12 08:35:16:     at Server.setupListenHandle [as _listen2] (node:net:2009:16)
2026-08-12 08:35:16:     at listenInCluster (node:net:2066:12)
2026-08-12 08:35:16:     at Server.listen (node:net:2171:7)
2026-08-12 08:35:16:     at Object.<anonymous> (C:\Users\奚郁\Desktop\jinhe-trip\server.js:387:8)
2026-08-12 08:35:16:     at Module._compile (node:internal/modules/cjs/loader:1871:14)
2026-08-12 08:35:16:     at Object..js (node:internal/modules/cjs/loader:2002:10)
2026-08-12 08:35:16:     at Module.load (node:internal/modules/cjs/loader:1594:32)
2026-08-12 08:35:16:     at Module._load (node:internal/modules/cjs/loader:1396:12)
2026-08-12 08:35:16:     at Object.<anonymous> (C:\Users\奚郁\AppData\Local\npm-cache\_npx\5f7878ce38f1eb13\node_modules\pm2\lib\ProcessContainerFork.js:32:23)
2026-08-12 08:35:16:     at Module._compile (node:internal/modules/cjs/loader:1871:14) {
2026-08-12 08:35:16:   code: 'EADDRINUSE',
2026-08-12 08:35:16:   errno: -4091,
2026-08-12 08:35:16:   syscall: 'listen',
2026-08-12 08:35:16:   address: '::',
2026-08-12 08:35:16:   port: 3000
2026-08-12 08:35:16: }
2026-08-12 08:35:20: Error: listen EADDRINUSE: address already in use :::3000
2026-08-12 08:35:20:     at Server.setupListenHandle [as _listen2] (node:net:2009:16)
2026-08-12 08:35:20:     at listenInCluster (node:net:2066:12)
2026-08-12 08:35:20:     at Server.listen (node:net:2171:7)
2026-08-12 08:35:20:     at Object.<anonymous> (C:\Users\奚郁\Desktop\jinhe-trip\server.js:387:8)
2026-08-12 08:35:20:     at Module._compile (node:internal/modules/cjs/loader:1871:14)
2026-08-12 08:35:20:     at Object..js (node:internal/modules/cjs/loader:2002:10)
2026-08-12 08:35:20:     at Module.load (node:internal/modules/cjs/loader:1594:32)
2026-08-12 08:35:20:     at Module._load (node:internal/modules/cjs/loader:1396:12)
2026-08-12 08:35:20:     at Object.<anonymous> (C:\Users\奚郁\AppData\Local\npm-cache\_npx\5f7878ce38f1eb13\node_modules\pm2\lib\ProcessContainerFork.js:32:23)
2026-08-12 08:35:20:     at Module._compile (node:internal/modules/cjs/loader:1871:14) {
2026-08-12 08:35:20:   code: 'EADDRINUSE',
2026-08-12 08:35:20:   errno: -4091,
2026-08-12 08:35:20:   syscall: 'listen',
2026-08-12 08:35:20:   address: '::',
2026-08-12 08:35:20:   port: 3000
2026-08-12 08:35:20: }
2026-08-12 08:35:23: Error: listen EADDRINUSE: address already in use :::3000
2026-08-12 08:35:23:     at Server.setupListenHandle [as _listen2] (node:net:2009:16)
2026-08-12 08:35:23:     at listenInCluster (node:net:2066:12)
2026-08-12 08:35:23:     at Server.listen (node:net:2171:7)
2026-08-12 08:35:23:     at Object.<anonymous> (C:\Users\奚郁\Desktop\jinhe-trip\server.js:387:8)
2026-08-12 08:35:23:     at Module._compile (node:internal/modules/cjs/loader:1871:14)
2026-08-12 08:35:23:     at Object..js (node:internal/modules/cjs/loader:2002:10)
2026-08-12 08:35:23:     at Module.load (node:internal/modules/cjs/loader:1594:32)
2026-08-12 08:35:23:     at Module._load (node:internal/modules/cjs/loader:1396:12)
2026-08-12 08:35:23:     at Object.<anonymous> (C:\Users\奚郁\AppData\Local\npm-cache\_npx\5f7878ce38f1eb13\node_modules\pm2\lib\ProcessContainerFork.js:32:23)
2026-08-12 08:35:23:     at Module._compile (node:internal/modules/cjs/loader:1871:14) {
2026-08-12 08:35:23:   code: 'EADDRINUSE',
2026-08-12 08:35:23:   errno: -4091,
2026-08-12 08:35:23:   syscall: 'listen',
2026-08-12 08:35:23:   address: '::',
2026-08-12 08:35:23:   port: 3000
2026-08-12 08:35:23: }
2026-08-12 08:35:27: Error: listen EADDRINUSE: address already in use :::3000
2026-08-12 08:35:27:     at Server.setupListenHandle [as _listen2] (node:net:2009:16)
2026-08-12 08:35:27:     at listenInCluster (node:net:2066:12)
2026-08-12 08:35:27:     at Server.listen (node:net:2171:7)
2026-08-12 08:35:27:     at Object.<anonymous> (C:\Users\奚郁\Desktop\jinhe-trip\server.js:387:8)
2026-08-12 08:35:27:     at Module._compile (node:internal/modules/cjs/loader:1871:14)
2026-08-12 08:35:27:     at Object..js (node:internal/modules/cjs/loader:2002:10)
2026-08-12 08:35:27:     at Module.load (node:internal/modules/cjs/loader:1594:32)
2026-08-12 08:35:27:     at Module._load (node:internal/modules/cjs/loader:1396:12)
2026-08-12 08:35:27:     at Object.<anonymous> (C:\Users\奚郁\AppData\Local\npm-cache\_npx\5f7878ce38f1eb13\node_modules\pm2\lib\ProcessContainerFork.js:32:23)
2026-08-12 08:35:27:     at Module._compile (node:internal/modules/cjs/loader:1871:14) {
2026-08-12 08:35:27:   code: 'EADDRINUSE',
2026-08-12 08:35:27:   errno: -4091,
2026-08-12 08:35:27:   syscall: 'listen',
2026-08-12 08:35:27:   address: '::',
2026-08-12 08:35:27:   port: 3000
2026-08-12 08:35:27: }
2026-08-12 08:35:30: Error: listen EADDRINUSE: address already in use :::3000
2026-08-12 08:35:30:     at Server.setupListenHandle [as _listen2] (node:net:2009:16)
2026-08-12 08:35:30:     at listenInCluster (node:net:2066:12)
2026-08-12 08:35:30:     at Server.listen (node:net:2171:7)
2026-08-12 08:35:30:     at Object.<anonymous> (C:\Users\奚郁\Desktop\jinhe-trip\server.js:387:8)
2026-08-12 08:35:30:     at Module._compile (node:internal/modules/cjs/loader:1871:14)
2026-08-12 08:35:30:     at Object..js (node:internal/modules/cjs/loader:2002:10)
2026-08-12 08:35:30:     at Module.load (node:internal/modules/cjs/loader:1594:32)
2026-08-12 08:35:30:     at Module._load (node:internal/modules/cjs/loader:1396:12)
2026-08-12 08:35:30:     at Object.<anonymous> (C:\Users\奚郁\AppData\Local\npm-cache\_npx\5f7878ce38f1eb13\node_modules\pm2\lib\ProcessContainerFork.js:32:23)
2026-08-12 08:35:30:     at Module._compile (node:internal/modules/cjs/loader:1871:14) {
2026-08-12 08:35:30:   code: 'EADDRINUSE',
2026-08-12 08:35:30:   errno: -4091,
2026-08-12 08:35:30:   syscall: 'listen',
2026-08-12 08:35:30:   address: '::',
2026-08-12 08:35:30:   port: 3000
2026-08-12 08:35:30: }
2026-08-12 08:35:34: Error: listen EADDRINUSE: address already in use :::3000
2026-08-12 08:35:34:     at Server.setupListenHandle [as _listen2] (node:net:2009:16)
2026-08-12 08:35:34:     at listenInCluster (node:net:2066:12)
2026-08-12 08:35:34:     at Server.listen (node:net:2171:7)
2026-08-12 08:35:34:     at Object.<anonymous> (C:\Users\奚郁\Desktop\jinhe-trip\server.js:387:8)
2026-08-12 08:35:34:     at Module._compile (node:internal/modules/cjs/loader:1871:14)
2026-08-12 08:35:34:     at Object..js (node:internal/modules/cjs/loader:2002:10)
2026-08-12 08:35:34:     at Module.load (node:internal/modules/cjs/loader:1594:32)
2026-08-12 08:35:34:     at Module._load (node:internal/modules/cjs/loader:1396:12)
2026-08-12 08:35:34:     at Object.<anonymous> (C:\Users\奚郁\AppData\Local\npm-cache\_npx\5f7878ce38f1eb13\node_modules\pm2\lib\ProcessContainerFork.js:32:23)
2026-08-12 08:35:34:     at Module._compile (node:internal/modules/cjs/loader:1871:14) {
2026-08-12 08:35:34:   code: 'EADDRINUSE',
2026-08-12 08:35:34:   errno: -4091,
2026-08-12 08:35:34:   syscall: 'listen',
2026-08-12 08:35:34:   address: '::',
2026-08-12 08:35:34:   port: 3000
2026-08-12 08:35:34: }
2026-08-12 08:35:37: Error: listen EADDRINUSE: address already in use :::3000
2026-08-12 08:35:37:     at Server.setupListenHandle [as _listen2] (node:net:2009:16)
2026-08-12 08:35:37:     at listenInCluster (node:net:2066:12)
2026-08-12 08:35:37:     at Server.listen (node:net:2171:7)
2026-08-12 08:35:37:     at Object.<anonymous> (C:\Users\奚郁\Desktop\jinhe-trip\server.js:387:8)
2026-08-12 08:35:37:     at Module._compile (node:internal/modules/cjs/loader:1871:14)
2026-08-12 08:35:37:     at Object..js (node:internal/modules/cjs/loader:2002:10)
2026-08-12 08:35:37:     at Module.load (node:internal/modules/cjs/loader:1594:32)
2026-08-12 08:35:37:     at Module._load (node:internal/modules/cjs/loader:1396:12)
2026-08-12 08:35:37:     at Object.<anonymous> (C:\Users\奚郁\AppData\Local\npm-cache\_npx\5f7878ce38f1eb13\node_modules\pm2\lib\ProcessContainerFork.js:32:23)
2026-08-12 08:35:37:     at Module._compile (node:internal/modules/cjs/loader:1871:14) {
2026-08-12 08:35:37:   code: 'EADDRINUSE',
2026-08-12 08:35:37:   errno: -4091,
2026-08-12 08:35:37:   syscall: 'listen',
2026-08-12 08:35:37:   address: '::',
2026-08-12 08:35:37:   port: 3000
2026-08-12 08:35:37: }
2026-08-12 08:35:41: Error: listen EADDRINUSE: address already in use :::3000
2026-08-12 08:35:41:     at Server.setupListenHandle [as _listen2] (node:net:2009:16)
2026-08-12 08:35:41:     at listenInCluster (node:net:2066:12)
2026-08-12 08:35:41:     at Server.listen (node:net:2171:7)
2026-08-12 08:35:41:     at Object.<anonymous> (C:\Users\奚郁\Desktop\jinhe-trip\server.js:387:8)
2026-08-12 08:35:41:     at Module._compile (node:internal/modules/cjs/loader:1871:14)
2026-08-12 08:35:41:     at Object..js (node:internal/modules/cjs/loader:2002:10)
2026-08-12 08:35:41:     at Module.load (node:internal/modules/cjs/loader:1594:32)
2026-08-12 08:35:41:     at Module._load (node:internal/modules/cjs/loader:1396:12)
2026-08-12 08:35:41:     at Object.<anonymous> (C:\Users\奚郁\AppData\Local\npm-cache\_npx\5f7878ce38f1eb13\node_modules\pm2\lib\ProcessContainerFork.js:32:23)
2026-08-12 08:35:41:     at Module._compile (node:internal/modules/cjs/loader:1871:14) {
2026-08-12 08:35:41:   code: 'EADDRINUSE',
2026-08-12 08:35:41:   errno: -4091,
2026-08-12 08:35:41:   syscall: 'listen',
2026-08-12 08:35:41:   address: '::',
2026-08-12 08:35:41:   port: 3000
2026-08-12 08:35:41: }
2026-08-12 08:35:45: Error: listen EADDRINUSE: address already in use :::3000
2026-08-12 08:35:45:     at Server.setupListenHandle [as _listen2] (node:net:2009:16)
2026-08-12 08:35:45:     at listenInCluster (node:net:2066:12)
2026-08-12 08:35:45:     at Server.listen (node:net:2171:7)
2026-08-12 08:35:45:     at Object.<anonymous> (C:\Users\奚郁\Desktop\jinhe-trip\server.js:387:8)
2026-08-12 08:35:45:     at Module._compile (node:internal/modules/cjs/loader:1871:14)
2026-08-12 08:35:45:     at Object..js (node:internal/modules/cjs/loader:2002:10)
2026-08-12 08:35:45:     at Module.load (node:internal/modules/cjs/loader:1594:32)
2026-08-12 08:35:45:     at Module._load (node:internal/modules/cjs/loader:1396:12)
2026-08-12 08:35:45:     at Object.<anonymous> (C:\Users\奚郁\AppData\Local\npm-cache\_npx\5f7878ce38f1eb13\node_modules\pm2\lib\ProcessContainerFork.js:32:23)
2026-08-12 08:35:45:     at Module._compile (node:internal/modules/cjs/loader:1871:14) {
2026-08-12 08:35:45:   code: 'EADDRINUSE',
2026-08-12 08:35:45:   errno: -4091,
2026-08-12 08:35:45:   syscall: 'listen',
2026-08-12 08:35:45:   address: '::',
2026-08-12 08:35:45:   port: 3000
2026-08-12 08:35:45: }
2026-08-12 08:35:48: Error: listen EADDRINUSE: address already in use :::3000
2026-08-12 08:35:48:     at Server.setupListenHandle [as _listen2] (node:net:2009:16)
2026-08-12 08:35:48:     at listenInCluster (node:net:2066:12)
2026-08-12 08:35:48:     at Server.listen (node:net:2171:7)
2026-08-12 08:35:48:     at Object.<anonymous> (C:\Users\奚郁\Desktop\jinhe-trip\server.js:387:8)
2026-08-12 08:35:48:     at Module._compile (node:internal/modules/cjs/loader:1871:14)
2026-08-12 08:35:48:     at Object..js (node:internal/modules/cjs/loader:2002:10)
2026-08-12 08:35:48:     at Module.load (node:internal/modules/cjs/loader:1594:32)
2026-08-12 08:35:48:     at Module._load (node:internal/modules/cjs/loader:1396:12)
2026-08-12 08:35:48:     at Object.<anonymous> (C:\Users\奚郁\AppData\Local\npm-cache\_npx\5f7878ce38f1eb13\node_modules\pm2\lib\ProcessContainerFork.js:32:23)
2026-08-12 08:35:48:     at Module._compile (node:internal/modules/cjs/loader:1871:14) {
2026-08-12 08:35:48:   code: 'EADDRINUSE',
2026-08-12 08:35:48:   errno: -4091,
2026-08-12 08:35:48:   syscall: 'listen',
2026-08-12 08:35:48:   address: '::',
2026-08-12 08:35:48:   port: 3000
2026-08-12 08:35:48: }
2026-08-12 08:35:52: Error: listen EADDRINUSE: address already in use :::3000
2026-08-12 08:35:52:     at Server.setupListenHandle [as _listen2] (node:net:2009:16)
2026-08-12 08:35:52:     at listenInCluster (node:net:2066:12)
2026-08-12 08:35:52:     at Server.listen (node:net:2171:7)
2026-08-12 08:35:52:     at Object.<anonymous> (C:\Users\奚郁\Desktop\jinhe-trip\server.js:387:8)
2026-08-12 08:35:52:     at Module._compile (node:internal/modules/cjs/loader:1871:14)
2026-08-12 08:35:52:     at Object..js (node:internal/modules/cjs/loader:2002:10)
2026-08-12 08:35:52:     at Module.load (node:internal/modules/cjs/loader:1594:32)
2026-08-12 08:35:52:     at Module._load (node:internal/modules/cjs/loader:1396:12)
2026-08-12 08:35:52:     at Object.<anonymous> (C:\Users\奚郁\AppData\Local\npm-cache\_npx\5f7878ce38f1eb13\node_modules\pm2\lib\ProcessContainerFork.js:32:23)
2026-08-12 08:35:52:     at Module._compile (node:internal/modules/cjs/loader:1871:14) {
2026-08-12 08:35:52:   code: 'EADDRINUSE',
2026-08-12 08:35:52:   errno: -4091,
2026-08-12 08:35:52:   syscall: 'listen',
2026-08-12 08:35:52:   address: '::',
2026-08-12 08:35:52:   port: 3000
2026-08-12 08:35:52: }
2026-08-12 08:35:55: Error: listen EADDRINUSE: address already in use :::3000
2026-08-12 08:35:55:     at Server.setupListenHandle [as _listen2] (node:net:2009:16)
2026-08-12 08:35:55:     at listenInCluster (node:net:2066:12)
2026-08-12 08:35:55:     at Server.listen (node:net:2171:7)
2026-08-12 08:35:55:     at Object.<anonymous> (C:\Users\奚郁\Desktop\jinhe-trip\server.js:387:8)
2026-08-12 08:35:55:     at Module._compile (node:internal/modules/cjs/loader:1871:14)
2026-08-12 08:35:55:     at Object..js (node:internal/modules/cjs/loader:2002:10)
2026-08-12 08:35:55:     at Module.load (node:internal/modules/cjs/loader:1594:32)
2026-08-12 08:35:55:     at Module._load (node:internal/modules/cjs/loader:1396:12)
2026-08-12 08:35:55:     at Object.<anonymous> (C:\Users\奚郁\AppData\Local\npm-cache\_npx\5f7878ce38f1eb13\node_modules\pm2\lib\ProcessContainerFork.js:32:23)
2026-08-12 08:35:55:     at Module._compile (node:internal/modules/cjs/loader:1871:14) {
2026-08-12 08:35:55:   code: 'EADDRINUSE',
2026-08-12 08:35:55:   errno: -4091,
2026-08-12 08:35:55:   syscall: 'listen',
2026-08-12 08:35:55:   address: '::',
2026-08-12 08:35:55:   port: 3000
2026-08-12 08:35:55: }
2026-08-12 08:35:59: Error: listen EADDRINUSE: address already in use :::3000
2026-08-12 08:35:59:     at Server.setupListenHandle [as _listen2] (node:net:2009:16)
2026-08-12 08:35:59:     at listenInCluster (node:net:2066:12)
2026-08-12 08:35:59:     at Server.listen (node:net:2171:7)
2026-08-12 08:35:59:     at Object.<anonymous> (C:\Users\奚郁\Desktop\jinhe-trip\server.js:387:8)
2026-08-12 08:35:59:     at Module._compile (node:internal/modules/cjs/loader:1871:14)
2026-08-12 08:35:59:     at Object..js (node:internal/modules/cjs/loader:2002:10)
2026-08-12 08:35:59:     at Module.load (node:internal/modules/cjs/loader:1594:32)
2026-08-12 08:35:59:     at Module._load (node:internal/modules/cjs/loader:1396:12)
2026-08-12 08:35:59:     at Object.<anonymous> (C:\Users\奚郁\AppData\Local\npm-cache\_npx\5f7878ce38f1eb13\node_modules\pm2\lib\ProcessContainerFork.js:32:23)
2026-08-12 08:35:59:     at Module._compile (node:internal/modules/cjs/loader:1871:14) {
2026-08-12 08:35:59:   code: 'EADDRINUSE',
2026-08-12 08:35:59:   errno: -4091,
2026-08-12 08:35:59:   syscall: 'listen',
2026-08-12 08:35:59:   address: '::',
2026-08-12 08:35:59:   port: 3000
2026-08-12 08:35:59: }
2026-08-12 08:36:03: Error: listen EADDRINUSE: address already in use :::3000
2026-08-12 08:36:03:     at Server.setupListenHandle [as _listen2] (node:net:2009:16)
2026-08-12 08:36:03:     at listenInCluster (node:net:2066:12)
2026-08-12 08:36:03:     at Server.listen (node:net:2171:7)
2026-08-12 08:36:03:     at Object.<anonymous> (C:\Users\奚郁\Desktop\jinhe-trip\server.js:387:8)
2026-08-12 08:36:03:     at Module._compile (node:internal/modules/cjs/loader:1871:14)
2026-08-12 08:36:03:     at Object..js (node:internal/modules/cjs/loader:2002:10)
2026-08-12 08:36:03:     at Module.load (node:internal/modules/cjs/loader:1594:32)
2026-08-12 08:36:03:     at Module._load (node:internal/modules/cjs/loader:1396:12)
2026-08-12 08:36:03:     at Object.<anonymous> (C:\Users\奚郁\AppData\Local\npm-cache\_npx\5f7878ce38f1eb13\node_modules\pm2\lib\ProcessContainerFork.js:32:23)
2026-08-12 08:36:03:     at Module._compile (node:internal/modules/cjs/loader:1871:14) {
2026-08-12 08:36:03:   code: 'EADDRINUSE',
2026-08-12 08:36:03:   errno: -4091,
2026-08-12 08:36:03:   syscall: 'listen',
2026-08-12 08:36:03:   address: '::',
2026-08-12 08:36:03:   port: 3000
2026-08-12 08:36:03: }
2026-08-12 08:36:06: Error: listen EADDRINUSE: address already in use :::3000
2026-08-12 08:36:06:     at Server.setupListenHandle [as _listen2] (node:net:2009:16)
2026-08-12 08:36:06:     at listenInCluster (node:net:2066:12)
2026-08-12 08:36:06:     at Server.listen (node:net:2171:7)
2026-08-12 08:36:06:     at Object.<anonymous> (C:\Users\奚郁\Desktop\jinhe-trip\server.js:387:8)
2026-08-12 08:36:06:     at Module._compile (node:internal/modules/cjs/loader:1871:14)
2026-08-12 08:36:06:     at Object..js (node:internal/modules/cjs/loader:2002:10)
2026-08-12 08:36:06:     at Module.load (node:internal/modules/cjs/loader:1594:32)
2026-08-12 08:36:06:     at Module._load (node:internal/modules/cjs/loader:1396:12)
2026-08-12 08:36:06:     at Object.<anonymous> (C:\Users\奚郁\AppData\Local\npm-cache\_npx\5f7878ce38f1eb13\node_modules\pm2\lib\ProcessContainerFork.js:32:23)
2026-08-12 08:36:06:     at Module._compile (node:internal/modules/cjs/loader:1871:14) {
2026-08-12 08:36:06:   code: 'EADDRINUSE',
2026-08-12 08:36:06:   errno: -4091,
2026-08-12 08:36:06:   syscall: 'listen',
2026-08-12 08:36:06:   address: '::',
2026-08-12 08:36:06:   port: 3000
2026-08-12 08:36:06: }
2026-08-12 08:36:10: Error: listen EADDRINUSE: address already in use :::3000
2026-08-12 08:36:10:     at Server.setupListenHandle [as _listen2] (node:net:2009:16)
2026-08-12 08:36:10:     at listenInCluster (node:net:2066:12)
2026-08-12 08:36:10:     at Server.listen (node:net:2171:7)
2026-08-12 08:36:10:     at Object.<anonymous> (C:\Users\奚郁\Desktop\jinhe-trip\server.js:387:8)
2026-08-12 08:36:10:     at Module._compile (node:internal/modules/cjs/loader:1871:14)
2026-08-12 08:36:10:     at Object..js (node:internal/modules/cjs/loader:2002:10)
2026-08-12 08:36:10:     at Module.load (node:internal/modules/cjs/loader:1594:32)
2026-08-12 08:36:10:     at Module._load (node:internal/modules/cjs/loader:1396:12)
2026-08-12 08:36:10:     at Object.<anonymous> (C:\Users\奚郁\AppData\Local\npm-cache\_npx\5f7878ce38f1eb13\node_modules\pm2\lib\ProcessContainerFork.js:32:23)
2026-08-12 08:36:10:     at Module._compile (node:internal/modules/cjs/loader:1871:14) {
2026-08-12 08:36:10:   code: 'EADDRINUSE',
2026-08-12 08:36:10:   errno: -4091,
2026-08-12 08:36:10:   syscall: 'listen',
2026-08-12 08:36:10:   address: '::',
2026-08-12 08:36:10:   port: 3000
2026-08-12 08:36:10: }
2026-08-12 08:36:13: Error: listen EADDRINUSE: address already in use :::3000
2026-08-12 08:36:13:     at Server.setupListenHandle [as _listen2] (node:net:2009:16)
2026-08-12 08:36:13:     at listenInCluster (node:net:2066:12)
2026-08-12 08:36:13:     at Server.listen (node:net:2171:7)
2026-08-12 08:36:13:     at Object.<anonymous> (C:\Users\奚郁\Desktop\jinhe-trip\server.js:387:8)
2026-08-12 08:36:13:     at Module._compile (node:internal/modules/cjs/loader:1871:14)
2026-08-12 08:36:13:     at Object..js (node:internal/modules/cjs/loader:2002:10)
2026-08-12 08:36:13:     at Module.load (node:internal/modules/cjs/loader:1594:32)
2026-08-12 08:36:13:     at Module._load (node:internal/modules/cjs/loader:1396:12)
2026-08-12 08:36:13:     at Object.<anonymous> (C:\Users\奚郁\AppData\Local\npm-cache\_npx\5f7878ce38f1eb13\node_modules\pm2\lib\ProcessContainerFork.js:32:23)
2026-08-12 08:36:13:     at Module._compile (node:internal/modules/cjs/loader:1871:14) {
2026-08-12 08:36:13:   code: 'EADDRINUSE',
2026-08-12 08:36:13:   errno: -4091,
2026-08-12 08:36:13:   syscall: 'listen',
2026-08-12 08:36:13:   address: '::',
2026-08-12 08:36:13:   port: 3000
2026-08-12 08:36:13: }
2026-08-12 08:36:17: Error: listen EADDRINUSE: address already in use :::3000
2026-08-12 08:36:17:     at Server.setupListenHandle [as _listen2] (node:net:2009:16)
2026-08-12 08:36:17:     at listenInCluster (node:net:2066:12)
2026-08-12 08:36:17:     at Server.listen (node:net:2171:7)
2026-08-12 08:36:17:     at Object.<anonymous> (C:\Users\奚郁\Desktop\jinhe-trip\server.js:387:8)
2026-08-12 08:36:17:     at Module._compile (node:internal/modules/cjs/loader:1871:14)
2026-08-12 08:36:17:     at Object..js (node:internal/modules/cjs/loader:2002:10)
2026-08-12 08:36:17:     at Module.load (node:internal/modules/cjs/loader:1594:32)
2026-08-12 08:36:17:     at Module._load (node:internal/modules/cjs/loader:1396:12)
2026-08-12 08:36:17:     at Object.<anonymous> (C:\Users\奚郁\AppData\Local\npm-cache\_npx\5f7878ce38f1eb13\node_modules\pm2\lib\ProcessContainerFork.js:32:23)
2026-08-12 08:36:17:     at Module._compile (node:internal/modules/cjs/loader:1871:14) {
2026-08-12 08:36:17:   code: 'EADDRINUSE',
2026-08-12 08:36:17:   errno: -4091,
2026-08-12 08:36:17:   syscall: 'listen',
2026-08-12 08:36:17:   address: '::',
2026-08-12 08:36:17:   port: 3000
2026-08-12 08:36:17: }
2026-08-12 08:36:20: Error: listen EADDRINUSE: address already in use :::3000
2026-08-12 08:36:20:     at Server.setupListenHandle [as _listen2] (node:net:2009:16)
2026-08-12 08:36:20:     at listenInCluster (node:net:2066:12)
2026-08-12 08:36:20:     at Server.listen (node:net:2171:7)
2026-08-12 08:36:20:     at Object.<anonymous> (C:\Users\奚郁\Desktop\jinhe-trip\server.js:387:8)
2026-08-12 08:36:20:     at Module._compile (node:internal/modules/cjs/loader:1871:14)
2026-08-12 08:36:20:     at Object..js (node:internal/modules/cjs/loader:2002:10)
2026-08-12 08:36:20:     at Module.load (node:internal/modules/cjs/loader:1594:32)
2026-08-12 08:36:20:     at Module._load (node:internal/modules/cjs/loader:1396:12)
2026-08-12 08:36:20:     at Object.<anonymous> (C:\Users\奚郁\AppData\Local\npm-cache\_npx\5f7878ce38f1eb13\node_modules\pm2\lib\ProcessContainerFork.js:32:23)
2026-08-12 08:36:20:     at Module._compile (node:internal/modules/cjs/loader:1871:14) {
2026-08-12 08:36:20:   code: 'EADDRINUSE',
2026-08-12 08:36:20:   errno: -4091,
2026-08-12 08:36:20:   syscall: 'listen',
2026-08-12 08:36:20:   address: '::',
2026-08-12 08:36:20:   port: 3000
2026-08-12 08:36:20: }
2026-08-12 08:36:24: Error: listen EADDRINUSE: address already in use :::3000
2026-08-12 08:36:24:     at Server.setupListenHandle [as _listen2] (node:net:2009:16)
2026-08-12 08:36:24:     at listenInCluster (node:net:2066:12)
2026-08-12 08:36:24:     at Server.listen (node:net:2171:7)
2026-08-12 08:36:24:     at Object.<anonymous> (C:\Users\奚郁\Desktop\jinhe-trip\server.js:387:8)
2026-08-12 08:36:24:     at Module._compile (node:internal/modules/cjs/loader:1871:14)
2026-08-12 08:36:24:     at Object..js (node:internal/modules/cjs/loader:2002:10)
2026-08-12 08:36:24:     at Module.load (node:internal/modules/cjs/loader:1594:32)
2026-08-12 08:36:24:     at Module._load (node:internal/modules/cjs/loader:1396:12)
2026-08-12 08:36:24:     at Object.<anonymous> (C:\Users\奚郁\AppData\Local\npm-cache\_npx\5f7878ce38f1eb13\node_modules\pm2\lib\ProcessContainerFork.js:32:23)
2026-08-12 08:36:24:     at Module._compile (node:internal/modules/cjs/loader:1871:14) {
2026-08-12 08:36:24:   code: 'EADDRINUSE',
2026-08-12 08:36:24:   errno: -4091,
2026-08-12 08:36:24:   syscall: 'listen',
2026-08-12 08:36:24:   address: '::',
2026-08-12 08:36:24:   port: 3000
2026-08-12 08:36:24: }
2026-08-12 08:36:28: Error: listen EADDRINUSE: address already in use :::3000
2026-08-12 08:36:28:     at Server.setupListenHandle [as _listen2] (node:net:2009:16)
2026-08-12 08:36:28:     at listenInCluster (node:net:2066:12)
2026-08-12 08:36:28:     at Server.listen (node:net:2171:7)
2026-08-12 08:36:28:     at Object.<anonymous> (C:\Users\奚郁\Desktop\jinhe-trip\server.js:387:8)
2026-08-12 08:36:28:     at Module._compile (node:internal/modules/cjs/loader:1871:14)
2026-08-12 08:36:28:     at Object..js (node:internal/modules/cjs/loader:2002:10)
2026-08-12 08:36:28:     at Module.load (node:internal/modules/cjs/loader:1594:32)
2026-08-12 08:36:28:     at Module._load (node:internal/modules/cjs/loader:1396:12)
2026-08-12 08:36:28:     at Object.<anonymous> (C:\Users\奚郁\AppData\Local\npm-cache\_npx\5f7878ce38f1eb13\node_modules\pm2\lib\ProcessContainerFork.js:32:23)
2026-08-12 08:36:28:     at Module._compile (node:internal/modules/cjs/loader:1871:14) {
2026-08-12 08:36:28:   code: 'EADDRINUSE',
2026-08-12 08:36:28:   errno: -4091,
2026-08-12 08:36:28:   syscall: 'listen',
2026-08-12 08:36:28:   address: '::',
2026-08-12 08:36:28:   port: 3000
2026-08-12 08:36:28: }
2026-08-12 08:36:31: Error: listen EADDRINUSE: address already in use :::3000
2026-08-12 08:36:31:     at Server.setupListenHandle [as _listen2] (node:net:2009:16)
2026-08-12 08:36:31:     at listenInCluster (node:net:2066:12)
2026-08-12 08:36:31:     at Server.listen (node:net:2171:7)
2026-08-12 08:36:31:     at Object.<anonymous> (C:\Users\奚郁\Desktop\jinhe-trip\server.js:387:8)
2026-08-12 08:36:31:     at Module._compile (node:internal/modules/cjs/loader:1871:14)
2026-08-12 08:36:31:     at Object..js (node:internal/modules/cjs/loader:2002:10)
2026-08-12 08:36:31:     at Module.load (node:internal/modules/cjs/loader:1594:32)
2026-08-12 08:36:31:     at Module._load (node:internal/modules/cjs/loader:1396:12)
2026-08-12 08:36:31:     at Object.<anonymous> (C:\Users\奚郁\AppData\Local\npm-cache\_npx\5f7878ce38f1eb13\node_modules\pm2\lib\ProcessContainerFork.js:32:23)
2026-08-12 08:36:31:     at Module._compile (node:internal/modules/cjs/loader:1871:14) {
2026-08-12 08:36:31:   code: 'EADDRINUSE',
2026-08-12 08:36:31:   errno: -4091,
2026-08-12 08:36:31:   syscall: 'listen',
2026-08-12 08:36:31:   address: '::',
2026-08-12 08:36:31:   port: 3000
2026-08-12 08:36:31: }
2026-08-12 08:36:35: Error: listen EADDRINUSE: address already in use :::3000
2026-08-12 08:36:35:     at Server.setupListenHandle [as _listen2] (node:net:2009:16)
2026-08-12 08:36:35:     at listenInCluster (node:net:2066:12)
2026-08-12 08:36:35:     at Server.listen (node:net:2171:7)
2026-08-12 08:36:35:     at Object.<anonymous> (C:\Users\奚郁\Desktop\jinhe-trip\server.js:387:8)
2026-08-12 08:36:35:     at Module._compile (node:internal/modules/cjs/loader:1871:14)
2026-08-12 08:36:35:     at Object..js (node:internal/modules/cjs/loader:2002:10)
2026-08-12 08:36:35:     at Module.load (node:internal/modules/cjs/loader:1594:32)
2026-08-12 08:36:35:     at Module._load (node:internal/modules/cjs/loader:1396:12)
2026-08-12 08:36:35:     at Object.<anonymous> (C:\Users\奚郁\AppData\Local\npm-cache\_npx\5f7878ce38f1eb13\node_modules\pm2\lib\ProcessContainerFork.js:32:23)
2026-08-12 08:36:35:     at Module._compile (node:internal/modules/cjs/loader:1871:14) {
2026-08-12 08:36:35:   code: 'EADDRINUSE',
2026-08-12 08:36:35:   errno: -4091,
2026-08-12 08:36:35:   syscall: 'listen',
2026-08-12 08:36:35:   address: '::',
2026-08-12 08:36:35:   port: 3000
2026-08-12 08:36:35: }
2026-08-12 08:36:38: Error: listen EADDRINUSE: address already in use :::3000
2026-08-12 08:36:38:     at Server.setupListenHandle [as _listen2] (node:net:2009:16)
2026-08-12 08:36:38:     at listenInCluster (node:net:2066:12)
2026-08-12 08:36:38:     at Server.listen (node:net:2171:7)
2026-08-12 08:36:38:     at Object.<anonymous> (C:\Users\奚郁\Desktop\jinhe-trip\server.js:387:8)
2026-08-12 08:36:38:     at Module._compile (node:internal/modules/cjs/loader:1871:14)
2026-08-12 08:36:38:     at Object..js (node:internal/modules/cjs/loader:2002:10)
2026-08-12 08:36:38:     at Module.load (node:internal/modules/cjs/loader:1594:32)
2026-08-12 08:36:38:     at Module._load (node:internal/modules/cjs/loader:1396:12)
2026-08-12 08:36:38:     at Object.<anonymous> (C:\Users\奚郁\AppData\Local\npm-cache\_npx\5f7878ce38f1eb13\node_modules\pm2\lib\ProcessContainerFork.js:32:23)
2026-08-12 08:36:38:     at Module._compile (node:internal/modules/cjs/loader:1871:14) {
2026-08-12 08:36:38:   code: 'EADDRINUSE',
2026-08-12 08:36:38:   errno: -4091,
2026-08-12 08:36:38:   syscall: 'listen',
2026-08-12 08:36:38:   address: '::',
2026-08-12 08:36:38:   port: 3000
2026-08-12 08:36:38: }
2026-08-12 08:36:42: Error: listen EADDRINUSE: address already in use :::3000
2026-08-12 08:36:42:     at Server.setupListenHandle [as _listen2] (node:net:2009:16)
2026-08-12 08:36:42:     at listenInCluster (node:net:2066:12)
2026-08-12 08:36:42:     at Server.listen (node:net:2171:7)
2026-08-12 08:36:42:     at Object.<anonymous> (C:\Users\奚郁\Desktop\jinhe-trip\server.js:387:8)
2026-08-12 08:36:42:     at Module._compile (node:internal/modules/cjs/loader:1871:14)
2026-08-12 08:36:42:     at Object..js (node:internal/modules/cjs/loader:2002:10)
2026-08-12 08:36:42:     at Module.load (node:internal/modules/cjs/loader:1594:32)
2026-08-12 08:36:42:     at Module._load (node:internal/modules/cjs/loader:1396:12)
2026-08-12 08:36:42:     at Object.<anonymous> (C:\Users\奚郁\AppData\Local\npm-cache\_npx\5f7878ce38f1eb13\node_modules\pm2\lib\ProcessContainerFork.js:32:23)
2026-08-12 08:36:42:     at Module._compile (node:internal/modules/cjs/loader:1871:14) {
2026-08-12 08:36:42:   code: 'EADDRINUSE',
2026-08-12 08:36:42:   errno: -4091,
2026-08-12 08:36:42:   syscall: 'listen',
2026-08-12 08:36:42:   address: '::',
2026-08-12 08:36:42:   port: 3000
2026-08-12 08:36:42: }
2026-08-12 08:36:45: Error: listen EADDRINUSE: address already in use :::3000
2026-08-12 08:36:45:     at Server.setupListenHandle [as _listen2] (node:net:2009:16)
2026-08-12 08:36:45:     at listenInCluster (node:net:2066:12)
2026-08-12 08:36:45:     at Server.listen (node:net:2171:7)
2026-08-12 08:36:45:     at Object.<anonymous> (C:\Users\奚郁\Desktop\jinhe-trip\server.js:387:8)
2026-08-12 08:36:45:     at Module._compile (node:internal/modules/cjs/loader:1871:14)
2026-08-12 08:36:45:     at Object..js (node:internal/modules/cjs/loader:2002:10)
2026-08-12 08:36:45:     at Module.load (node:internal/modules/cjs/loader:1594:32)
2026-08-12 08:36:45:     at Module._load (node:internal/modules/cjs/loader:1396:12)
2026-08-12 08:36:45:     at Object.<anonymous> (C:\Users\奚郁\AppData\Local\npm-cache\_npx\5f7878ce38f1eb13\node_modules\pm2\lib\ProcessContainerFork.js:32:23)
2026-08-12 08:36:45:     at Module._compile (node:internal/modules/cjs/loader:1871:14) {
2026-08-12 08:36:45:   code: 'EADDRINUSE',
2026-08-12 08:36:45:   errno: -4091,
2026-08-12 08:36:45:   syscall: 'listen',
2026-08-12 08:36:45:   address: '::',
2026-08-12 08:36:45:   port: 3000
2026-08-12 08:36:45: }
2026-08-12 08:36:49: Error: listen EADDRINUSE: address already in use :::3000
2026-08-12 08:36:49:     at Server.setupListenHandle [as _listen2] (node:net:2009:16)
2026-08-12 08:36:49:     at listenInCluster (node:net:2066:12)
2026-08-12 08:36:49:     at Server.listen (node:net:2171:7)
2026-08-12 08:36:49:     at Object.<anonymous> (C:\Users\奚郁\Desktop\jinhe-trip\server.js:387:8)
2026-08-12 08:36:49:     at Module._compile (node:internal/modules/cjs/loader:1871:14)
2026-08-12 08:36:49:     at Object..js (node:internal/modules/cjs/loader:2002:10)
2026-08-12 08:36:49:     at Module.load (node:internal/modules/cjs/loader:1594:32)
2026-08-12 08:36:49:     at Module._load (node:internal/modules/cjs/loader:1396:12)
2026-08-12 08:36:49:     at Object.<anonymous> (C:\Users\奚郁\AppData\Local\npm-cache\_npx\5f7878ce38f1eb13\node_modules\pm2\lib\ProcessContainerFork.js:32:23)
2026-08-12 08:36:49:     at Module._compile (node:internal/modules/cjs/loader:1871:14) {
2026-08-12 08:36:49:   code: 'EADDRINUSE',
2026-08-12 08:36:49:   errno: -4091,
2026-08-12 08:36:49:   syscall: 'listen',
2026-08-12 08:36:49:   address: '::',
2026-08-12 08:36:49:   port: 3000
2026-08-12 08:36:49: }
2026-08-12 08:36:53: Error: listen EADDRINUSE: address already in use :::3000
2026-08-12 08:36:53:     at Server.setupListenHandle [as _listen2] (node:net:2009:16)
2026-08-12 08:36:53:     at listenInCluster (node:net:2066:12)
2026-08-12 08:36:53:     at Server.listen (node:net:2171:7)
2026-08-12 08:36:53:     at Object.<anonymous> (C:\Users\奚郁\Desktop\jinhe-trip\server.js:387:8)
2026-08-12 08:36:53:     at Module._compile (node:internal/modules/cjs/loader:1871:14)
2026-08-12 08:36:53:     at Object..js (node:internal/modules/cjs/loader:2002:10)
2026-08-12 08:36:53:     at Module.load (node:internal/modules/cjs/loader:1594:32)
2026-08-12 08:36:53:     at Module._load (node:internal/modules/cjs/loader:1396:12)
2026-08-12 08:36:53:     at Object.<anonymous> (C:\Users\奚郁\AppData\Local\npm-cache\_npx\5f7878ce38f1eb13\node_modules\pm2\lib\ProcessContainerFork.js:32:23)
2026-08-12 08:36:53:     at Module._compile (node:internal/modules/cjs/loader:1871:14) {
2026-08-12 08:36:53:   code: 'EADDRINUSE',
2026-08-12 08:36:53:   errno: -4091,
2026-08-12 08:36:53:   syscall: 'listen',
2026-08-12 08:36:53:   address: '::',
2026-08-12 08:36:53:   port: 3000
2026-08-12 08:36:53: }
2026-08-12 08:36:56: Error: listen EADDRINUSE: address already in use :::3000
2026-08-12 08:36:56:     at Server.setupListenHandle [as _listen2] (node:net:2009:16)
2026-08-12 08:36:56:     at listenInCluster (node:net:2066:12)
2026-08-12 08:36:56:     at Server.listen (node:net:2171:7)
2026-08-12 08:36:56:     at Object.<anonymous> (C:\Users\奚郁\Desktop\jinhe-trip\server.js:387:8)
2026-08-12 08:36:56:     at Module._compile (node:internal/modules/cjs/loader:1871:14)
2026-08-12 08:36:56:     at Object..js (node:internal/modules/cjs/loader:2002:10)
2026-08-12 08:36:56:     at Module.load (node:internal/modules/cjs/loader:1594:32)
2026-08-12 08:36:56:     at Module._load (node:internal/modules/cjs/loader:1396:12)
2026-08-12 08:36:56:     at Object.<anonymous> (C:\Users\奚郁\AppData\Local\npm-cache\_npx\5f7878ce38f1eb13\node_modules\pm2\lib\ProcessContainerFork.js:32:23)
2026-08-12 08:36:56:     at Module._compile (node:internal/modules/cjs/loader:1871:14) {
2026-08-12 08:36:56:   code: 'EADDRINUSE',
2026-08-12 08:36:56:   errno: -4091,
2026-08-12 08:36:56:   syscall: 'listen',
2026-08-12 08:36:56:   address: '::',
2026-08-12 08:36:56:   port: 3000
2026-08-12 08:36:56: }
2026-08-12 08:37:00: Error: listen EADDRINUSE: address already in use :::3000
2026-08-12 08:37:00:     at Server.setupListenHandle [as _listen2] (node:net:2009:16)
2026-08-12 08:37:00:     at listenInCluster (node:net:2066:12)
2026-08-12 08:37:00:     at Server.listen (node:net:2171:7)
2026-08-12 08:37:00:     at Object.<anonymous> (C:\Users\奚郁\Desktop\jinhe-trip\server.js:387:8)
2026-08-12 08:37:00:     at Module._compile (node:internal/modules/cjs/loader:1871:14)
2026-08-12 08:37:00:     at Object..js (node:internal/modules/cjs/loader:2002:10)
2026-08-12 08:37:00:     at Module.load (node:internal/modules/cjs/loader:1594:32)
2026-08-12 08:37:00:     at Module._load (node:internal/modules/cjs/loader:1396:12)
2026-08-12 08:37:00:     at Object.<anonymous> (C:\Users\奚郁\AppData\Local\npm-cache\_npx\5f7878ce38f1eb13\node_modules\pm2\lib\ProcessContainerFork.js:32:23)
2026-08-12 08:37:00:     at Module._compile (node:internal/modules/cjs/loader:1871:14) {
2026-08-12 08:37:00:   code: 'EADDRINUSE',
2026-08-12 08:37:00:   errno: -4091,
2026-08-12 08:37:00:   syscall: 'listen',
2026-08-12 08:37:00:   address: '::',
2026-08-12 08:37:00:   port: 3000
2026-08-12 08:37:00: }
2026-08-12 08:37:03: Error: listen EADDRINUSE: address already in use :::3000
2026-08-12 08:37:03:     at Server.setupListenHandle [as _listen2] (node:net:2009:16)
2026-08-12 08:37:03:     at listenInCluster (node:net:2066:12)
2026-08-12 08:37:03:     at Server.listen (node:net:2171:7)
2026-08-12 08:37:03:     at Object.<anonymous> (C:\Users\奚郁\Desktop\jinhe-trip\server.js:387:8)
2026-08-12 08:37:03:     at Module._compile (node:internal/modules/cjs/loader:1871:14)
2026-08-12 08:37:03:     at Object..js (node:internal/modules/cjs/loader:2002:10)
2026-08-12 08:37:03:     at Module.load (node:internal/modules/cjs/loader:1594:32)
2026-08-12 08:37:03:     at Module._load (node:internal/modules/cjs/loader:1396:12)
2026-08-12 08:37:03:     at Object.<anonymous> (C:\Users\奚郁\AppData\Local\npm-cache\_npx\5f7878ce38f1eb13\node_modules\pm2\lib\ProcessContainerFork.js:32:23)
2026-08-12 08:37:03:     at Module._compile (node:internal/modules/cjs/loader:1871:14) {
2026-08-12 08:37:03:   code: 'EADDRINUSE',
2026-08-12 08:37:03:   errno: -4091,
2026-08-12 08:37:03:   syscall: 'listen',
2026-08-12 08:37:03:   address: '::',
2026-08-12 08:37:03:   port: 3000
2026-08-12 08:37:03: }
2026-08-12 08:37:07: Error: listen EADDRINUSE: address already in use :::3000
2026-08-12 08:37:07:     at Server.setupListenHandle [as _listen2] (node:net:2009:16)
2026-08-12 08:37:07:     at listenInCluster (node:net:2066:12)
2026-08-12 08:37:07:     at Server.listen (node:net:2171:7)
2026-08-12 08:37:07:     at Object.<anonymous> (C:\Users\奚郁\Desktop\jinhe-trip\server.js:387:8)
2026-08-12 08:37:07:     at Module._compile (node:internal/modules/cjs/loader:1871:14)
2026-08-12 08:37:07:     at Object..js (node:internal/modules/cjs/loader:2002:10)
2026-08-12 08:37:07:     at Module.load (node:internal/modules/cjs/loader:1594:32)
2026-08-12 08:37:07:     at Module._load (node:internal/modules/cjs/loader:1396:12)
2026-08-12 08:37:07:     at Object.<anonymous> (C:\Users\奚郁\AppData\Local\npm-cache\_npx\5f7878ce38f1eb13\node_modules\pm2\lib\ProcessContainerFork.js:32:23)
2026-08-12 08:37:07:     at Module._compile (node:internal/modules/cjs/loader:1871:14) {
2026-08-12 08:37:07:   code: 'EADDRINUSE',
2026-08-12 08:37:07:   errno: -4091,
2026-08-12 08:37:07:   syscall: 'listen',
2026-08-12 08:37:07:   address: '::',
2026-08-12 08:37:07:   port: 3000
2026-08-12 08:37:07: }
2026-08-12 08:37:11: Error: listen EADDRINUSE: address already in use :::3000
2026-08-12 08:37:11:     at Server.setupListenHandle [as _listen2] (node:net:2009:16)
2026-08-12 08:37:11:     at listenInCluster (node:net:2066:12)
2026-08-12 08:37:11:     at Server.listen (node:net:2171:7)
2026-08-12 08:37:11:     at Object.<anonymous> (C:\Users\奚郁\Desktop\jinhe-trip\server.js:387:8)
2026-08-12 08:37:11:     at Module._compile (node:internal/modules/cjs/loader:1871:14)
2026-08-12 08:37:11:     at Object..js (node:internal/modules/cjs/loader:2002:10)
2026-08-12 08:37:11:     at Module.load (node:internal/modules/cjs/loader:1594:32)
2026-08-12 08:37:11:     at Module._load (node:internal/modules/cjs/loader:1396:12)
2026-08-12 08:37:11:     at Object.<anonymous> (C:\Users\奚郁\AppData\Local\npm-cache\_npx\5f7878ce38f1eb13\node_modules\pm2\lib\ProcessContainerFork.js:32:23)
2026-08-12 08:37:11:     at Module._compile (node:internal/modules/cjs/loader:1871:14) {
2026-08-12 08:37:11:   code: 'EADDRINUSE',
2026-08-12 08:37:11:   errno: -4091,
2026-08-12 08:37:11:   syscall: 'listen',
2026-08-12 08:37:11:   address: '::',
2026-08-12 08:37:11:   port: 3000
2026-08-12 08:37:11: }
2026-08-12 08:37:14: Error: listen EADDRINUSE: address already in use :::3000
2026-08-12 08:37:14:     at Server.setupListenHandle [as _listen2] (node:net:2009:16)
2026-08-12 08:37:14:     at listenInCluster (node:net:2066:12)
2026-08-12 08:37:14:     at Server.listen (node:net:2171:7)
2026-08-12 08:37:14:     at Object.<anonymous> (C:\Users\奚郁\Desktop\jinhe-trip\server.js:387:8)
2026-08-12 08:37:14:     at Module._compile (node:internal/modules/cjs/loader:1871:14)
2026-08-12 08:37:14:     at Object..js (node:internal/modules/cjs/loader:2002:10)
2026-08-12 08:37:14:     at Module.load (node:internal/modules/cjs/loader:1594:32)
2026-08-12 08:37:14:     at Module._load (node:internal/modules/cjs/loader:1396:12)
2026-08-12 08:37:14:     at Object.<anonymous> (C:\Users\奚郁\AppData\Local\npm-cache\_npx\5f7878ce38f1eb13\node_modules\pm2\lib\ProcessContainerFork.js:32:23)
2026-08-12 08:37:14:     at Module._compile (node:internal/modules/cjs/loader:1871:14) {
2026-08-12 08:37:14:   code: 'EADDRINUSE',
2026-08-12 08:37:14:   errno: -4091,
2026-08-12 08:37:14:   syscall: 'listen',
2026-08-12 08:37:14:   address: '::',
2026-08-12 08:37:14:   port: 3000
2026-08-12 08:37:14: }
2026-08-12 08:37:18: Error: listen EADDRINUSE: address already in use :::3000
2026-08-12 08:37:18:     at Server.setupListenHandle [as _listen2] (node:net:2009:16)
2026-08-12 08:37:18:     at listenInCluster (node:net:2066:12)
2026-08-12 08:37:18:     at Server.listen (node:net:2171:7)
2026-08-12 08:37:18:     at Object.<anonymous> (C:\Users\奚郁\Desktop\jinhe-trip\server.js:387:8)
2026-08-12 08:37:18:     at Module._compile (node:internal/modules/cjs/loader:1871:14)
2026-08-12 08:37:18:     at Object..js (node:internal/modules/cjs/loader:2002:10)
2026-08-12 08:37:18:     at Module.load (node:internal/modules/cjs/loader:1594:32)
2026-08-12 08:37:18:     at Module._load (node:internal/modules/cjs/loader:1396:12)
2026-08-12 08:37:18:     at Object.<anonymous> (C:\Users\奚郁\AppData\Local\npm-cache\_npx\5f7878ce38f1eb13\node_modules\pm2\lib\ProcessContainerFork.js:32:23)
2026-08-12 08:37:18:     at Module._compile (node:internal/modules/cjs/loader:1871:14) {
2026-08-12 08:37:18:   code: 'EADDRINUSE',
2026-08-12 08:37:18:   errno: -4091,
2026-08-12 08:37:18:   syscall: 'listen',
2026-08-12 08:37:18:   address: '::',
2026-08-12 08:37:18:   port: 3000
2026-08-12 08:37:18: }
2026-08-12 08:37:22: Error: listen EADDRINUSE: address already in use :::3000
2026-08-12 08:37:22:     at Server.setupListenHandle [as _listen2] (node:net:2009:16)
2026-08-12 08:37:22:     at listenInCluster (node:net:2066:12)
2026-08-12 08:37:22:     at Server.listen (node:net:2171:7)
2026-08-12 08:37:22:     at Object.<anonymous> (C:\Users\奚郁\Desktop\jinhe-trip\server.js:387:8)
2026-08-12 08:37:22:     at Module._compile (node:internal/modules/cjs/loader:1871:14)
2026-08-12 08:37:22:     at Object..js (node:internal/modules/cjs/loader:2002:10)
2026-08-12 08:37:22:     at Module.load (node:internal/modules/cjs/loader:1594:32)
2026-08-12 08:37:22:     at Module._load (node:internal/modules/cjs/loader:1396:12)
2026-08-12 08:37:22:     at Object.<anonymous> (C:\Users\奚郁\AppData\Local\npm-cache\_npx\5f7878ce38f1eb13\node_modules\pm2\lib\ProcessContainerFork.js:32:23)
2026-08-12 08:37:22:     at Module._compile (node:internal/modules/cjs/loader:1871:14) {
2026-08-12 08:37:22:   code: 'EADDRINUSE',
2026-08-12 08:37:22:   errno: -4091,
2026-08-12 08:37:22:   syscall: 'listen',
2026-08-12 08:37:22:   address: '::',
2026-08-12 08:37:22:   port: 3000
2026-08-12 08:37:22: }
2026-08-12 08:37:25: Error: listen EADDRINUSE: address already in use :::3000
2026-08-12 08:37:25:     at Server.setupListenHandle [as _listen2] (node:net:2009:16)
2026-08-12 08:37:25:     at listenInCluster (node:net:2066:12)
2026-08-12 08:37:25:     at Server.listen (node:net:2171:7)
2026-08-12 08:37:25:     at Object.<anonymous> (C:\Users\奚郁\Desktop\jinhe-trip\server.js:387:8)
2026-08-12 08:37:25:     at Module._compile (node:internal/modules/cjs/loader:1871:14)
2026-08-12 08:37:25:     at Object..js (node:internal/modules/cjs/loader:2002:10)
2026-08-12 08:37:25:     at Module.load (node:internal/modules/cjs/loader:1594:32)
2026-08-12 08:37:25:     at Module._load (node:internal/modules/cjs/loader:1396:12)
2026-08-12 08:37:25:     at Object.<anonymous> (C:\Users\奚郁\AppData\Local\npm-cache\_npx\5f7878ce38f1eb13\node_modules\pm2\lib\ProcessContainerFork.js:32:23)
2026-08-12 08:37:25:     at Module._compile (node:internal/modules/cjs/loader:1871:14) {
2026-08-12 08:37:25:   code: 'EADDRINUSE',
2026-08-12 08:37:25:   errno: -4091,
2026-08-12 08:37:25:   syscall: 'listen',
2026-08-12 08:37:25:   address: '::',
2026-08-12 08:37:25:   port: 3000
2026-08-12 08:37:25: }
2026-08-12 08:37:29: Error: listen EADDRINUSE: address already in use :::3000
2026-08-12 08:37:29:     at Server.setupListenHandle [as _listen2] (node:net:2009:16)
2026-08-12 08:37:29:     at listenInCluster (node:net:2066:12)
2026-08-12 08:37:29:     at Server.listen (node:net:2171:7)
2026-08-12 08:37:29:     at Object.<anonymous> (C:\Users\奚郁\Desktop\jinhe-trip\server.js:387:8)
2026-08-12 08:37:29:     at Module._compile (node:internal/modules/cjs/loader:1871:14)
2026-08-12 08:37:29:     at Object..js (node:internal/modules/cjs/loader:2002:10)
2026-08-12 08:37:29:     at Module.load (node:internal/modules/cjs/loader:1594:32)
2026-08-12 08:37:29:     at Module._load (node:internal/modules/cjs/loader:1396:12)
2026-08-12 08:37:29:     at Object.<anonymous> (C:\Users\奚郁\AppData\Local\npm-cache\_npx\5f7878ce38f1eb13\node_modules\pm2\lib\ProcessContainerFork.js:32:23)
2026-08-12 08:37:29:     at Module._compile (node:internal/modules/cjs/loader:1871:14) {
2026-08-12 08:37:29:   code: 'EADDRINUSE',
2026-08-12 08:37:29:   errno: -4091,
2026-08-12 08:37:29:   syscall: 'listen',
2026-08-12 08:37:29:   address: '::',
2026-08-12 08:37:29:   port: 3000
2026-08-12 08:37:29: }
2026-08-12 08:37:32: Error: listen EADDRINUSE: address already in use :::3000
2026-08-12 08:37:32:     at Server.setupListenHandle [as _listen2] (node:net:2009:16)
2026-08-12 08:37:32:     at listenInCluster (node:net:2066:12)
2026-08-12 08:37:32:     at Server.listen (node:net:2171:7)
2026-08-12 08:37:32:     at Object.<anonymous> (C:\Users\奚郁\Desktop\jinhe-trip\server.js:387:8)
2026-08-12 08:37:32:     at Module._compile (node:internal/modules/cjs/loader:1871:14)
2026-08-12 08:37:32:     at Object..js (node:internal/modules/cjs/loader:2002:10)
2026-08-12 08:37:32:     at Module.load (node:internal/modules/cjs/loader:1594:32)
2026-08-12 08:37:32:     at Module._load (node:internal/modules/cjs/loader:1396:12)
2026-08-12 08:37:32:     at Object.<anonymous> (C:\Users\奚郁\AppData\Local\npm-cache\_npx\5f7878ce38f1eb13\node_modules\pm2\lib\ProcessContainerFork.js:32:23)
2026-08-12 08:37:32:     at Module._compile (node:internal/modules/cjs/loader:1871:14) {
2026-08-12 08:37:32:   code: 'EADDRINUSE',
2026-08-12 08:37:32:   errno: -4091,
2026-08-12 08:37:32:   syscall: 'listen',
2026-08-12 08:37:32:   address: '::',
2026-08-12 08:37:32:   port: 3000
2026-08-12 08:37:32: }
2026-08-12 08:37:36: Error: listen EADDRINUSE: address already in use :::3000
2026-08-12 08:37:36:     at Server.setupListenHandle [as _listen2] (node:net:2009:16)
2026-08-12 08:37:36:     at listenInCluster (node:net:2066:12)
2026-08-12 08:37:36:     at Server.listen (node:net:2171:7)
2026-08-12 08:37:36:     at Object.<anonymous> (C:\Users\奚郁\Desktop\jinhe-trip\server.js:387:8)
2026-08-12 08:37:36:     at Module._compile (node:internal/modules/cjs/loader:1871:14)
2026-08-12 08:37:36:     at Object..js (node:internal/modules/cjs/loader:2002:10)
2026-08-12 08:37:36:     at Module.load (node:internal/modules/cjs/loader:1594:32)
2026-08-12 08:37:36:     at Module._load (node:internal/modules/cjs/loader:1396:12)
2026-08-12 08:37:36:     at Object.<anonymous> (C:\Users\奚郁\AppData\Local\npm-cache\_npx\5f7878ce38f1eb13\node_modules\pm2\lib\ProcessContainerFork.js:32:23)
2026-08-12 08:37:36:     at Module._compile (node:internal/modules/cjs/loader:1871:14) {
2026-08-12 08:37:36:   code: 'EADDRINUSE',
2026-08-12 08:37:36:   errno: -4091,
2026-08-12 08:37:36:   syscall: 'listen',
2026-08-12 08:37:36:   address: '::',
2026-08-12 08:37:36:   port: 3000
2026-08-12 08:37:36: }
2026-08-12 08:37:40: Error: listen EADDRINUSE: address already in use :::3000
2026-08-12 08:37:40:     at Server.setupListenHandle [as _listen2] (node:net:2009:16)
2026-08-12 08:37:40:     at listenInCluster (node:net:2066:12)
2026-08-12 08:37:40:     at Server.listen (node:net:2171:7)
2026-08-12 08:37:40:     at Object.<anonymous> (C:\Users\奚郁\Desktop\jinhe-trip\server.js:387:8)
2026-08-12 08:37:40:     at Module._compile (node:internal/modules/cjs/loader:1871:14)
2026-08-12 08:37:40:     at Object..js (node:internal/modules/cjs/loader:2002:10)
2026-08-12 08:37:40:     at Module.load (node:internal/modules/cjs/loader:1594:32)
2026-08-12 08:37:40:     at Module._load (node:internal/modules/cjs/loader:1396:12)
2026-08-12 08:37:40:     at Object.<anonymous> (C:\Users\奚郁\AppData\Local\npm-cache\_npx\5f7878ce38f1eb13\node_modules\pm2\lib\ProcessContainerFork.js:32:23)
2026-08-12 08:37:40:     at Module._compile (node:internal/modules/cjs/loader:1871:14) {
2026-08-12 08:37:40:   code: 'EADDRINUSE',
2026-08-12 08:37:40:   errno: -4091,
2026-08-12 08:37:40:   syscall: 'listen',
2026-08-12 08:37:40:   address: '::',
2026-08-12 08:37:40:   port: 3000
2026-08-12 08:37:40: }
2026-08-12 08:37:43: Error: listen EADDRINUSE: address already in use :::3000
2026-08-12 08:37:43:     at Server.setupListenHandle [as _listen2] (node:net:2009:16)
2026-08-12 08:37:43:     at listenInCluster (node:net:2066:12)
2026-08-12 08:37:43:     at Server.listen (node:net:2171:7)
2026-08-12 08:37:43:     at Object.<anonymous> (C:\Users\奚郁\Desktop\jinhe-trip\server.js:387:8)
2026-08-12 08:37:43:     at Module._compile (node:internal/modules/cjs/loader:1871:14)
2026-08-12 08:37:43:     at Object..js (node:internal/modules/cjs/loader:2002:10)
2026-08-12 08:37:43:     at Module.load (node:internal/modules/cjs/loader:1594:32)
2026-08-12 08:37:43:     at Module._load (node:internal/modules/cjs/loader:1396:12)
2026-08-12 08:37:43:     at Object.<anonymous> (C:\Users\奚郁\AppData\Local\npm-cache\_npx\5f7878ce38f1eb13\node_modules\pm2\lib\ProcessContainerFork.js:32:23)
2026-08-12 08:37:43:     at Module._compile (node:internal/modules/cjs/loader:1871:14) {
2026-08-12 08:37:43:   code: 'EADDRINUSE',
2026-08-12 08:37:43:   errno: -4091,
2026-08-12 08:37:43:   syscall: 'listen',
2026-08-12 08:37:43:   address: '::',
2026-08-12 08:37:43:   port: 3000
2026-08-12 08:37:43: }
2026-08-12 08:37:47: Error: listen EADDRINUSE: address already in use :::3000
2026-08-12 08:37:47:     at Server.setupListenHandle [as _listen2] (node:net:2009:16)
2026-08-12 08:37:47:     at listenInCluster (node:net:2066:12)
2026-08-12 08:37:47:     at Server.listen (node:net:2171:7)
2026-08-12 08:37:47:     at Object.<anonymous> (C:\Users\奚郁\Desktop\jinhe-trip\server.js:387:8)
2026-08-12 08:37:47:     at Module._compile (node:internal/modules/cjs/loader:1871:14)
2026-08-12 08:37:47:     at Object..js (node:internal/modules/cjs/loader:2002:10)
2026-08-12 08:37:47:     at Module.load (node:internal/modules/cjs/loader:1594:32)
2026-08-12 08:37:47:     at Module._load (node:internal/modules/cjs/loader:1396:12)
2026-08-12 08:37:47:     at Object.<anonymous> (C:\Users\奚郁\AppData\Local\npm-cache\_npx\5f7878ce38f1eb13\node_modules\pm2\lib\ProcessContainerFork.js:32:23)
2026-08-12 08:37:47:     at Module._compile (node:internal/modules/cjs/loader:1871:14) {
2026-08-12 08:37:47:   code: 'EADDRINUSE',
2026-08-12 08:37:47:   errno: -4091,
2026-08-12 08:37:47:   syscall: 'listen',
2026-08-12 08:37:47:   address: '::',
2026-08-12 08:37:47:   port: 3000
2026-08-12 08:37:47: }
2026-08-12 08:37:50: Error: listen EADDRINUSE: address already in use :::3000
2026-08-12 08:37:50:     at Server.setupListenHandle [as _listen2] (node:net:2009:16)
2026-08-12 08:37:50:     at listenInCluster (node:net:2066:12)
2026-08-12 08:37:50:     at Server.listen (node:net:2171:7)
2026-08-12 08:37:50:     at Object.<anonymous> (C:\Users\奚郁\Desktop\jinhe-trip\server.js:387:8)
2026-08-12 08:37:50:     at Module._compile (node:internal/modules/cjs/loader:1871:14)
2026-08-12 08:37:50:     at Object..js (node:internal/modules/cjs/loader:2002:10)
2026-08-12 08:37:50:     at Module.load (node:internal/modules/cjs/loader:1594:32)
2026-08-12 08:37:50:     at Module._load (node:internal/modules/cjs/loader:1396:12)
2026-08-12 08:37:50:     at Object.<anonymous> (C:\Users\奚郁\AppData\Local\npm-cache\_npx\5f7878ce38f1eb13\node_modules\pm2\lib\ProcessContainerFork.js:32:23)
2026-08-12 08:37:50:     at Module._compile (node:internal/modules/cjs/loader:1871:14) {
2026-08-12 08:37:50:   code: 'EADDRINUSE',
2026-08-12 08:37:50:   errno: -4091,
2026-08-12 08:37:50:   syscall: 'listen',
2026-08-12 08:37:50:   address: '::',
2026-08-12 08:37:50:   port: 3000
2026-08-12 08:37:50: }
2026-08-12 08:37:54: Error: listen EADDRINUSE: address already in use :::3000
2026-08-12 08:37:54:     at Server.setupListenHandle [as _listen2] (node:net:2009:16)
2026-08-12 08:37:54:     at listenInCluster (node:net:2066:12)
2026-08-12 08:37:54:     at Server.listen (node:net:2171:7)
2026-08-12 08:37:54:     at Object.<anonymous> (C:\Users\奚郁\Desktop\jinhe-trip\server.js:387:8)
2026-08-12 08:37:54:     at Module._compile (node:internal/modules/cjs/loader:1871:14)
2026-08-12 08:37:54:     at Object..js (node:internal/modules/cjs/loader:2002:10)
2026-08-12 08:37:54:     at Module.load (node:internal/modules/cjs/loader:1594:32)
2026-08-12 08:37:54:     at Module._load (node:internal/modules/cjs/loader:1396:12)
2026-08-12 08:37:54:     at Object.<anonymous> (C:\Users\奚郁\AppData\Local\npm-cache\_npx\5f7878ce38f1eb13\node_modules\pm2\lib\ProcessContainerFork.js:32:23)
2026-08-12 08:37:54:     at Module._compile (node:internal/modules/cjs/loader:1871:14) {
2026-08-12 08:37:54:   code: 'EADDRINUSE',
2026-08-12 08:37:54:   errno: -4091,
2026-08-12 08:37:54:   syscall: 'listen',
2026-08-12 08:37:54:   address: '::',
2026-08-12 08:37:54:   port: 3000
2026-08-12 08:37:54: }
2026-08-12 08:37:58: Error: listen EADDRINUSE: address already in use :::3000
2026-08-12 08:37:58:     at Server.setupListenHandle [as _listen2] (node:net:2009:16)
2026-08-12 08:37:58:     at listenInCluster (node:net:2066:12)
2026-08-12 08:37:58:     at Server.listen (node:net:2171:7)
2026-08-12 08:37:58:     at Object.<anonymous> (C:\Users\奚郁\Desktop\jinhe-trip\server.js:387:8)
2026-08-12 08:37:58:     at Module._compile (node:internal/modules/cjs/loader:1871:14)
2026-08-12 08:37:58:     at Object..js (node:internal/modules/cjs/loader:2002:10)
2026-08-12 08:37:58:     at Module.load (node:internal/modules/cjs/loader:1594:32)
2026-08-12 08:37:58:     at Module._load (node:internal/modules/cjs/loader:1396:12)
2026-08-12 08:37:58:     at Object.<anonymous> (C:\Users\奚郁\AppData\Local\npm-cache\_npx\5f7878ce38f1eb13\node_modules\pm2\lib\ProcessContainerFork.js:32:23)
2026-08-12 08:37:58:     at Module._compile (node:internal/modules/cjs/loader:1871:14) {
2026-08-12 08:37:58:   code: 'EADDRINUSE',
2026-08-12 08:37:58:   errno: -4091,
2026-08-12 08:37:58:   syscall: 'listen',
2026-08-12 08:37:58:   address: '::',
2026-08-12 08:37:58:   port: 3000
2026-08-12 08:37:58: }
2026-08-12 08:38:01: Error: listen EADDRINUSE: address already in use :::3000
2026-08-12 08:38:01:     at Server.setupListenHandle [as _listen2] (node:net:2009:16)
2026-08-12 08:38:01:     at listenInCluster (node:net:2066:12)
2026-08-12 08:38:01:     at Server.listen (node:net:2171:7)
2026-08-12 08:38:01:     at Object.<anonymous> (C:\Users\奚郁\Desktop\jinhe-trip\server.js:387:8)
2026-08-12 08:38:01:     at Module._compile (node:internal/modules/cjs/loader:1871:14)
2026-08-12 08:38:01:     at Object..js (node:internal/modules/cjs/loader:2002:10)
2026-08-12 08:38:01:     at Module.load (node:internal/modules/cjs/loader:1594:32)
2026-08-12 08:38:01:     at Module._load (node:internal/modules/cjs/loader:1396:12)
2026-08-12 08:38:01:     at Object.<anonymous> (C:\Users\奚郁\AppData\Local\npm-cache\_npx\5f7878ce38f1eb13\node_modules\pm2\lib\ProcessContainerFork.js:32:23)
2026-08-12 08:38:01:     at Module._compile (node:internal/modules/cjs/loader:1871:14) {
2026-08-12 08:38:01:   code: 'EADDRINUSE',
2026-08-12 08:38:01:   errno: -4091,
2026-08-12 08:38:01:   syscall: 'listen',
2026-08-12 08:38:01:   address: '::',
2026-08-12 08:38:01:   port: 3000
2026-08-12 08:38:01: }
2026-08-12 08:38:05: Error: listen EADDRINUSE: address already in use :::3000
2026-08-12 08:38:05:     at Server.setupListenHandle [as _listen2] (node:net:2009:16)
2026-08-12 08:38:05:     at listenInCluster (node:net:2066:12)
2026-08-12 08:38:05:     at Server.listen (node:net:2171:7)
2026-08-12 08:38:05:     at Object.<anonymous> (C:\Users\奚郁\Desktop\jinhe-trip\server.js:387:8)
2026-08-12 08:38:05:     at Module._compile (node:internal/modules/cjs/loader:1871:14)
2026-08-12 08:38:05:     at Object..js (node:internal/modules/cjs/loader:2002:10)
2026-08-12 08:38:05:     at Module.load (node:internal/modules/cjs/loader:1594:32)
2026-08-12 08:38:05:     at Module._load (node:internal/modules/cjs/loader:1396:12)
2026-08-12 08:38:05:     at Object.<anonymous> (C:\Users\奚郁\AppData\Local\npm-cache\_npx\5f7878ce38f1eb13\node_modules\pm2\lib\ProcessContainerFork.js:32:23)
2026-08-12 08:38:05:     at Module._compile (node:internal/modules/cjs/loader:1871:14) {
2026-08-12 08:38:05:   code: 'EADDRINUSE',
2026-08-12 08:38:05:   errno: -4091,
2026-08-12 08:38:05:   syscall: 'listen',
2026-08-12 08:38:05:   address: '::',
2026-08-12 08:38:05:   port: 3000
2026-08-12 08:38:05: }
2026-08-12 08:38:08: Error: listen EADDRINUSE: address already in use :::3000
2026-08-12 08:38:08:     at Server.setupListenHandle [as _listen2] (node:net:2009:16)
2026-08-12 08:38:08:     at listenInCluster (node:net:2066:12)
2026-08-12 08:38:08:     at Server.listen (node:net:2171:7)
2026-08-12 08:38:08:     at Object.<anonymous> (C:\Users\奚郁\Desktop\jinhe-trip\server.js:387:8)
2026-08-12 08:38:08:     at Module._compile (node:internal/modules/cjs/loader:1871:14)
2026-08-12 08:38:08:     at Object..js (node:internal/modules/cjs/loader:2002:10)
2026-08-12 08:38:08:     at Module.load (node:internal/modules/cjs/loader:1594:32)
2026-08-12 08:38:08:     at Module._load (node:internal/modules/cjs/loader:1396:12)
2026-08-12 08:38:08:     at Object.<anonymous> (C:\Users\奚郁\AppData\Local\npm-cache\_npx\5f7878ce38f1eb13\node_modules\pm2\lib\ProcessContainerFork.js:32:23)
2026-08-12 08:38:08:     at Module._compile (node:internal/modules/cjs/loader:1871:14) {
2026-08-12 08:38:08:   code: 'EADDRINUSE',
2026-08-12 08:38:08:   errno: -4091,
2026-08-12 08:38:08:   syscall: 'listen',
2026-08-12 08:38:08:   address: '::',
2026-08-12 08:38:08:   port: 3000
2026-08-12 08:38:08: }
2026-08-12 08:38:12: Error: listen EADDRINUSE: address already in use :::3000
2026-08-12 08:38:12:     at Server.setupListenHandle [as _listen2] (node:net:2009:16)
2026-08-12 08:38:12:     at listenInCluster (node:net:2066:12)
2026-08-12 08:38:12:     at Server.listen (node:net:2171:7)
2026-08-12 08:38:12:     at Object.<anonymous> (C:\Users\奚郁\Desktop\jinhe-trip\server.js:387:8)
2026-08-12 08:38:12:     at Module._compile (node:internal/modules/cjs/loader:1871:14)
2026-08-12 08:38:12:     at Object..js (node:internal/modules/cjs/loader:2002:10)
2026-08-12 08:38:12:     at Module.load (node:internal/modules/cjs/loader:1594:32)
2026-08-12 08:38:12:     at Module._load (node:internal/modules/cjs/loader:1396:12)
2026-08-12 08:38:12:     at Object.<anonymous> (C:\Users\奚郁\AppData\Local\npm-cache\_npx\5f7878ce38f1eb13\node_modules\pm2\lib\ProcessContainerFork.js:32:23)
2026-08-12 08:38:12:     at Module._compile (node:internal/modules/cjs/loader:1871:14) {
2026-08-12 08:38:12:   code: 'EADDRINUSE',
2026-08-12 08:38:12:   errno: -4091,
2026-08-12 08:38:12:   syscall: 'listen',
2026-08-12 08:38:12:   address: '::',
2026-08-12 08:38:12:   port: 3000
2026-08-12 08:38:12: }
2026-08-12 08:38:16: Error: listen EADDRINUSE: address already in use :::3000
2026-08-12 08:38:16:     at Server.setupListenHandle [as _listen2] (node:net:2009:16)
2026-08-12 08:38:16:     at listenInCluster (node:net:2066:12)
2026-08-12 08:38:16:     at Server.listen (node:net:2171:7)
2026-08-12 08:38:16:     at Object.<anonymous> (C:\Users\奚郁\Desktop\jinhe-trip\server.js:387:8)
2026-08-12 08:38:16:     at Module._compile (node:internal/modules/cjs/loader:1871:14)
2026-08-12 08:38:16:     at Object..js (node:internal/modules/cjs/loader:2002:10)
2026-08-12 08:38:16:     at Module.load (node:internal/modules/cjs/loader:1594:32)
2026-08-12 08:38:16:     at Module._load (node:internal/modules/cjs/loader:1396:12)
2026-08-12 08:38:16:     at Object.<anonymous> (C:\Users\奚郁\AppData\Local\npm-cache\_npx\5f7878ce38f1eb13\node_modules\pm2\lib\ProcessContainerFork.js:32:23)
2026-08-12 08:38:16:     at Module._compile (node:internal/modules/cjs/loader:1871:14) {
2026-08-12 08:38:16:   code: 'EADDRINUSE',
2026-08-12 08:38:16:   errno: -4091,
2026-08-12 08:38:16:   syscall: 'listen',
2026-08-12 08:38:16:   address: '::',
2026-08-12 08:38:16:   port: 3000
2026-08-12 08:38:16: }
2026-08-12 08:38:19: Error: listen EADDRINUSE: address already in use :::3000
2026-08-12 08:38:19:     at Server.setupListenHandle [as _listen2] (node:net:2009:16)
2026-08-12 08:38:19:     at listenInCluster (node:net:2066:12)
2026-08-12 08:38:19:     at Server.listen (node:net:2171:7)
2026-08-12 08:38:19:     at Object.<anonymous> (C:\Users\奚郁\Desktop\jinhe-trip\server.js:387:8)
2026-08-12 08:38:19:     at Module._compile (node:internal/modules/cjs/loader:1871:14)
2026-08-12 08:38:19:     at Object..js (node:internal/modules/cjs/loader:2002:10)
2026-08-12 08:38:19:     at Module.load (node:internal/modules/cjs/loader:1594:32)
2026-08-12 08:38:19:     at Module._load (node:internal/modules/cjs/loader:1396:12)
2026-08-12 08:38:19:     at Object.<anonymous> (C:\Users\奚郁\AppData\Local\npm-cache\_npx\5f7878ce38f1eb13\node_modules\pm2\lib\ProcessContainerFork.js:32:23)
2026-08-12 08:38:19:     at Module._compile (node:internal/modules/cjs/loader:1871:14) {
2026-08-12 08:38:19:   code: 'EADDRINUSE',
2026-08-12 08:38:19:   errno: -4091,
2026-08-12 08:38:19:   syscall: 'listen',
2026-08-12 08:38:19:   address: '::',
2026-08-12 08:38:19:   port: 3000
2026-08-12 08:38:19: }
2026-08-12 08:38:23: Error: listen EADDRINUSE: address already in use :::3000
2026-08-12 08:38:23:     at Server.setupListenHandle [as _listen2] (node:net:2009:16)
2026-08-12 08:38:23:     at listenInCluster (node:net:2066:12)
2026-08-12 08:38:23:     at Server.listen (node:net:2171:7)
2026-08-12 08:38:23:     at Object.<anonymous> (C:\Users\奚郁\Desktop\jinhe-trip\server.js:387:8)
2026-08-12 08:38:23:     at Module._compile (node:internal/modules/cjs/loader:1871:14)
2026-08-12 08:38:23:     at Object..js (node:internal/modules/cjs/loader:2002:10)
2026-08-12 08:38:23:     at Module.load (node:internal/modules/cjs/loader:1594:32)
2026-08-12 08:38:23:     at Module._load (node:internal/modules/cjs/loader:1396:12)
2026-08-12 08:38:23:     at Object.<anonymous> (C:\Users\奚郁\AppData\Local\npm-cache\_npx\5f7878ce38f1eb13\node_modules\pm2\lib\ProcessContainerFork.js:32:23)
2026-08-12 08:38:23:     at Module._compile (node:internal/modules/cjs/loader:1871:14) {
2026-08-12 08:38:23:   code: 'EADDRINUSE',
2026-08-12 08:38:23:   errno: -4091,
2026-08-12 08:38:23:   syscall: 'listen',
2026-08-12 08:38:23:   address: '::',
2026-08-12 08:38:23:   port: 3000
2026-08-12 08:38:23: }
2026-08-12 08:38:26: Error: listen EADDRINUSE: address already in use :::3000
2026-08-12 08:38:26:     at Server.setupListenHandle [as _listen2] (node:net:2009:16)
2026-08-12 08:38:26:     at listenInCluster (node:net:2066:12)
2026-08-12 08:38:26:     at Server.listen (node:net:2171:7)
2026-08-12 08:38:26:     at Object.<anonymous> (C:\Users\奚郁\Desktop\jinhe-trip\server.js:387:8)
2026-08-12 08:38:26:     at Module._compile (node:internal/modules/cjs/loader:1871:14)
2026-08-12 08:38:26:     at Object..js (node:internal/modules/cjs/loader:2002:10)
2026-08-12 08:38:26:     at Module.load (node:internal/modules/cjs/loader:1594:32)
2026-08-12 08:38:26:     at Module._load (node:internal/modules/cjs/loader:1396:12)
2026-08-12 08:38:26:     at Object.<anonymous> (C:\Users\奚郁\AppData\Local\npm-cache\_npx\5f7878ce38f1eb13\node_modules\pm2\lib\ProcessContainerFork.js:32:23)
2026-08-12 08:38:26:     at Module._compile (node:internal/modules/cjs/loader:1871:14) {
2026-08-12 08:38:26:   code: 'EADDRINUSE',
2026-08-12 08:38:26:   errno: -4091,
2026-08-12 08:38:26:   syscall: 'listen',
2026-08-12 08:38:26:   address: '::',
2026-08-12 08:38:26:   port: 3000
2026-08-12 08:38:26: }
2026-08-12 08:38:30: Error: listen EADDRINUSE: address already in use :::3000
2026-08-12 08:38:30:     at Server.setupListenHandle [as _listen2] (node:net:2009:16)
2026-08-12 08:38:30:     at listenInCluster (node:net:2066:12)
2026-08-12 08:38:30:     at Server.listen (node:net:2171:7)
2026-08-12 08:38:30:     at Object.<anonymous> (C:\Users\奚郁\Desktop\jinhe-trip\server.js:387:8)
2026-08-12 08:38:30:     at Module._compile (node:internal/modules/cjs/loader:1871:14)
2026-08-12 08:38:30:     at Object..js (node:internal/modules/cjs/loader:2002:10)
2026-08-12 08:38:30:     at Module.load (node:internal/modules/cjs/loader:1594:32)
2026-08-12 08:38:30:     at Module._load (node:internal/modules/cjs/loader:1396:12)
2026-08-12 08:38:30:     at Object.<anonymous> (C:\Users\奚郁\AppData\Local\npm-cache\_npx\5f7878ce38f1eb13\node_modules\pm2\lib\ProcessContainerFork.js:32:23)
2026-08-12 08:38:30:     at Module._compile (node:internal/modules/cjs/loader:1871:14) {
2026-08-12 08:38:30:   code: 'EADDRINUSE',
2026-08-12 08:38:30:   errno: -4091,
2026-08-12 08:38:30:   syscall: 'listen',
2026-08-12 08:38:30:   address: '::',
2026-08-12 08:38:30:   port: 3000
2026-08-12 08:38:30: }
2026-08-12 08:38:33: Error: listen EADDRINUSE: address already in use :::3000
2026-08-12 08:38:33:     at Server.setupListenHandle [as _listen2] (node:net:2009:16)
2026-08-12 08:38:33:     at listenInCluster (node:net:2066:12)
2026-08-12 08:38:33:     at Server.listen (node:net:2171:7)
2026-08-12 08:38:33:     at Object.<anonymous> (C:\Users\奚郁\Desktop\jinhe-trip\server.js:387:8)
2026-08-12 08:38:33:     at Module._compile (node:internal/modules/cjs/loader:1871:14)
2026-08-12 08:38:33:     at Object..js (node:internal/modules/cjs/loader:2002:10)
2026-08-12 08:38:33:     at Module.load (node:internal/modules/cjs/loader:1594:32)
2026-08-12 08:38:33:     at Module._load (node:internal/modules/cjs/loader:1396:12)
2026-08-12 08:38:33:     at Object.<anonymous> (C:\Users\奚郁\AppData\Local\npm-cache\_npx\5f7878ce38f1eb13\node_modules\pm2\lib\ProcessContainerFork.js:32:23)
2026-08-12 08:38:33:     at Module._compile (node:internal/modules/cjs/loader:1871:14) {
2026-08-12 08:38:33:   code: 'EADDRINUSE',
2026-08-12 08:38:33:   errno: -4091,
2026-08-12 08:38:33:   syscall: 'listen',
2026-08-12 08:38:33:   address: '::',
2026-08-12 08:38:33:   port: 3000
2026-08-12 08:38:33: }
2026-08-12 08:38:37: Error: listen EADDRINUSE: address already in use :::3000
2026-08-12 08:38:37:     at Server.setupListenHandle [as _listen2] (node:net:2009:16)
2026-08-12 08:38:37:     at listenInCluster (node:net:2066:12)
2026-08-12 08:38:37:     at Server.listen (node:net:2171:7)
2026-08-12 08:38:37:     at Object.<anonymous> (C:\Users\奚郁\Desktop\jinhe-trip\server.js:387:8)
2026-08-12 08:38:37:     at Module._compile (node:internal/modules/cjs/loader:1871:14)
2026-08-12 08:38:37:     at Object..js (node:internal/modules/cjs/loader:2002:10)
2026-08-12 08:38:37:     at Module.load (node:internal/modules/cjs/loader:1594:32)
2026-08-12 08:38:37:     at Module._load (node:internal/modules/cjs/loader:1396:12)
2026-08-12 08:38:37:     at Object.<anonymous> (C:\Users\奚郁\AppData\Local\npm-cache\_npx\5f7878ce38f1eb13\node_modules\pm2\lib\ProcessContainerFork.js:32:23)
2026-08-12 08:38:37:     at Module._compile (node:internal/modules/cjs/loader:1871:14) {
2026-08-12 08:38:37:   code: 'EADDRINUSE',
2026-08-12 08:38:37:   errno: -4091,
2026-08-12 08:38:37:   syscall: 'listen',
2026-08-12 08:38:37:   address: '::',
2026-08-12 08:38:37:   port: 3000
2026-08-12 08:38:37: }
2026-08-12 08:38:41: Error: listen EADDRINUSE: address already in use :::3000
2026-08-12 08:38:41:     at Server.setupListenHandle [as _listen2] (node:net:2009:16)
2026-08-12 08:38:41:     at listenInCluster (node:net:2066:12)
2026-08-12 08:38:41:     at Server.listen (node:net:2171:7)
2026-08-12 08:38:41:     at Object.<anonymous> (C:\Users\奚郁\Desktop\jinhe-trip\server.js:387:8)
2026-08-12 08:38:41:     at Module._compile (node:internal/modules/cjs/loader:1871:14)
2026-08-12 08:38:41:     at Object..js (node:internal/modules/cjs/loader:2002:10)
2026-08-12 08:38:41:     at Module.load (node:internal/modules/cjs/loader:1594:32)
2026-08-12 08:38:41:     at Module._load (node:internal/modules/cjs/loader:1396:12)
2026-08-12 08:38:41:     at Object.<anonymous> (C:\Users\奚郁\AppData\Local\npm-cache\_npx\5f7878ce38f1eb13\node_modules\pm2\lib\ProcessContainerFork.js:32:23)
2026-08-12 08:38:41:     at Module._compile (node:internal/modules/cjs/loader:1871:14) {
2026-08-12 08:38:41:   code: 'EADDRINUSE',
2026-08-12 08:38:41:   errno: -4091,
2026-08-12 08:38:41:   syscall: 'listen',
2026-08-12 08:38:41:   address: '::',
2026-08-12 08:38:41:   port: 3000
2026-08-12 08:38:41: }
2026-08-12 08:38:44: Error: listen EADDRINUSE: address already in use :::3000
2026-08-12 08:38:44:     at Server.setupListenHandle [as _listen2] (node:net:2009:16)
2026-08-12 08:38:44:     at listenInCluster (node:net:2066:12)
2026-08-12 08:38:44:     at Server.listen (node:net:2171:7)
2026-08-12 08:38:44:     at Object.<anonymous> (C:\Users\奚郁\Desktop\jinhe-trip\server.js:387:8)
2026-08-12 08:38:44:     at Module._compile (node:internal/modules/cjs/loader:1871:14)
2026-08-12 08:38:44:     at Object..js (node:internal/modules/cjs/loader:2002:10)
2026-08-12 08:38:44:     at Module.load (node:internal/modules/cjs/loader:1594:32)
2026-08-12 08:38:44:     at Module._load (node:internal/modules/cjs/loader:1396:12)
2026-08-12 08:38:44:     at Object.<anonymous> (C:\Users\奚郁\AppData\Local\npm-cache\_npx\5f7878ce38f1eb13\node_modules\pm2\lib\ProcessContainerFork.js:32:23)
2026-08-12 08:38:44:     at Module._compile (node:internal/modules/cjs/loader:1871:14) {
2026-08-12 08:38:44:   code: 'EADDRINUSE',
2026-08-12 08:38:44:   errno: -4091,
2026-08-12 08:38:44:   syscall: 'listen',
2026-08-12 08:38:44:   address: '::',
2026-08-12 08:38:44:   port: 3000
2026-08-12 08:38:44: }
2026-08-12 08:38:48: Error: listen EADDRINUSE: address already in use :::3000
2026-08-12 08:38:48:     at Server.setupListenHandle [as _listen2] (node:net:2009:16)
2026-08-12 08:38:48:     at listenInCluster (node:net:2066:12)
2026-08-12 08:38:48:     at Server.listen (node:net:2171:7)
2026-08-12 08:38:48:     at Object.<anonymous> (C:\Users\奚郁\Desktop\jinhe-trip\server.js:387:8)
2026-08-12 08:38:48:     at Module._compile (node:internal/modules/cjs/loader:1871:14)
2026-08-12 08:38:48:     at Object..js (node:internal/modules/cjs/loader:2002:10)
2026-08-12 08:38:48:     at Module.load (node:internal/modules/cjs/loader:1594:32)
2026-08-12 08:38:48:     at Module._load (node:internal/modules/cjs/loader:1396:12)
2026-08-12 08:38:48:     at Object.<anonymous> (C:\Users\奚郁\AppData\Local\npm-cache\_npx\5f7878ce38f1eb13\node_modules\pm2\lib\ProcessContainerFork.js:32:23)
2026-08-12 08:38:48:     at Module._compile (node:internal/modules/cjs/loader:1871:14) {
2026-08-12 08:38:48:   code: 'EADDRINUSE',
2026-08-12 08:38:48:   errno: -4091,
2026-08-12 08:38:48:   syscall: 'listen',
2026-08-12 08:38:48:   address: '::',
2026-08-12 08:38:48:   port: 3000
2026-08-12 08:38:48: }
2026-08-12 08:38:51: Error: listen EADDRINUSE: address already in use :::3000
2026-08-12 08:38:51:     at Server.setupListenHandle [as _listen2] (node:net:2009:16)
2026-08-12 08:38:51:     at listenInCluster (node:net:2066:12)
2026-08-12 08:38:51:     at Server.listen (node:net:2171:7)
2026-08-12 08:38:51:     at Object.<anonymous> (C:\Users\奚郁\Desktop\jinhe-trip\server.js:387:8)
2026-08-12 08:38:51:     at Module._compile (node:internal/modules/cjs/loader:1871:14)
2026-08-12 08:38:51:     at Object..js (node:internal/modules/cjs/loader:2002:10)
2026-08-12 08:38:51:     at Module.load (node:internal/modules/cjs/loader:1594:32)
2026-08-12 08:38:51:     at Module._load (node:internal/modules/cjs/loader:1396:12)
2026-08-12 08:38:51:     at Object.<anonymous> (C:\Users\奚郁\AppData\Local\npm-cache\_npx\5f7878ce38f1eb13\node_modules\pm2\lib\ProcessContainerFork.js:32:23)
2026-08-12 08:38:51:     at Module._compile (node:internal/modules/cjs/loader:1871:14) {
2026-08-12 08:38:51:   code: 'EADDRINUSE',
2026-08-12 08:38:51:   errno: -4091,
2026-08-12 08:38:51:   syscall: 'listen',
2026-08-12 08:38:51:   address: '::',
2026-08-12 08:38:51:   port: 3000
2026-08-12 08:38:51: }
2026-08-12 08:38:55: Error: listen EADDRINUSE: address already in use :::3000
2026-08-12 08:38:55:     at Server.setupListenHandle [as _listen2] (node:net:2009:16)
2026-08-12 08:38:55:     at listenInCluster (node:net:2066:12)
2026-08-12 08:38:55:     at Server.listen (node:net:2171:7)
2026-08-12 08:38:55:     at Object.<anonymous> (C:\Users\奚郁\Desktop\jinhe-trip\server.js:387:8)
2026-08-12 08:38:55:     at Module._compile (node:internal/modules/cjs/loader:1871:14)
2026-08-12 08:38:55:     at Object..js (node:internal/modules/cjs/loader:2002:10)
2026-08-12 08:38:55:     at Module.load (node:internal/modules/cjs/loader:1594:32)
2026-08-12 08:38:55:     at Module._load (node:internal/modules/cjs/loader:1396:12)
2026-08-12 08:38:55:     at Object.<anonymous> (C:\Users\奚郁\AppData\Local\npm-cache\_npx\5f7878ce38f1eb13\node_modules\pm2\lib\ProcessContainerFork.js:32:23)
2026-08-12 08:38:55:     at Module._compile (node:internal/modules/cjs/loader:1871:14) {
2026-08-12 08:38:55:   code: 'EADDRINUSE',
2026-08-12 08:38:55:   errno: -4091,
2026-08-12 08:38:55:   syscall: 'listen',
2026-08-12 08:38:55:   address: '::',
2026-08-12 08:38:55:   port: 3000
2026-08-12 08:38:55: }
2026-08-12 08:38:58: Error: listen EADDRINUSE: address already in use :::3000
2026-08-12 08:38:58:     at Server.setupListenHandle [as _listen2] (node:net:2009:16)
2026-08-12 08:38:58:     at listenInCluster (node:net:2066:12)
2026-08-12 08:38:58:     at Server.listen (node:net:2171:7)
2026-08-12 08:38:58:     at Object.<anonymous> (C:\Users\奚郁\Desktop\jinhe-trip\server.js:387:8)
2026-08-12 08:38:58:     at Module._compile (node:internal/modules/cjs/loader:1871:14)
2026-08-12 08:38:58:     at Object..js (node:internal/modules/cjs/loader:2002:10)
2026-08-12 08:38:58:     at Module.load (node:internal/modules/cjs/loader:1594:32)
2026-08-12 08:38:58:     at Module._load (node:internal/modules/cjs/loader:1396:12)
2026-08-12 08:38:58:     at Object.<anonymous> (C:\Users\奚郁\AppData\Local\npm-cache\_npx\5f7878ce38f1eb13\node_modules\pm2\lib\ProcessContainerFork.js:32:23)
2026-08-12 08:38:58:     at Module._compile (node:internal/modules/cjs/loader:1871:14) {
2026-08-12 08:38:58:   code: 'EADDRINUSE',
2026-08-12 08:38:58:   errno: -4091,
2026-08-12 08:38:58:   syscall: 'listen',
2026-08-12 08:38:58:   address: '::',
2026-08-12 08:38:58:   port: 3000
2026-08-12 08:38:58: }
2026-08-12 08:39:02: Error: listen EADDRINUSE: address already in use :::3000
2026-08-12 08:39:02:     at Server.setupListenHandle [as _listen2] (node:net:2009:16)
2026-08-12 08:39:02:     at listenInCluster (node:net:2066:12)
2026-08-12 08:39:02:     at Server.listen (node:net:2171:7)
2026-08-12 08:39:02:     at Object.<anonymous> (C:\Users\奚郁\Desktop\jinhe-trip\server.js:387:8)
2026-08-12 08:39:02:     at Module._compile (node:internal/modules/cjs/loader:1871:14)
2026-08-12 08:39:02:     at Object..js (node:internal/modules/cjs/loader:2002:10)
2026-08-12 08:39:02:     at Module.load (node:internal/modules/cjs/loader:1594:32)
2026-08-12 08:39:02:     at Module._load (node:internal/modules/cjs/loader:1396:12)
2026-08-12 08:39:02:     at Object.<anonymous> (C:\Users\奚郁\AppData\Local\npm-cache\_npx\5f7878ce38f1eb13\node_modules\pm2\lib\ProcessContainerFork.js:32:23)
2026-08-12 08:39:02:     at Module._compile (node:internal/modules/cjs/loader:1871:14) {
2026-08-12 08:39:02:   code: 'EADDRINUSE',
2026-08-12 08:39:02:   errno: -4091,
2026-08-12 08:39:02:   syscall: 'listen',
2026-08-12 08:39:02:   address: '::',
2026-08-12 08:39:02:   port: 3000
2026-08-12 08:39:02: }
2026-08-12 08:39:05: Error: listen EADDRINUSE: address already in use :::3000
2026-08-12 08:39:05:     at Server.setupListenHandle [as _listen2] (node:net:2009:16)
2026-08-12 08:39:05:     at listenInCluster (node:net:2066:12)
2026-08-12 08:39:05:     at Server.listen (node:net:2171:7)
2026-08-12 08:39:05:     at Object.<anonymous> (C:\Users\奚郁\Desktop\jinhe-trip\server.js:387:8)
2026-08-12 08:39:05:     at Module._compile (node:internal/modules/cjs/loader:1871:14)
2026-08-12 08:39:05:     at Object..js (node:internal/modules/cjs/loader:2002:10)
2026-08-12 08:39:05:     at Module.load (node:internal/modules/cjs/loader:1594:32)
2026-08-12 08:39:05:     at Module._load (node:internal/modules/cjs/loader:1396:12)
2026-08-12 08:39:05:     at Object.<anonymous> (C:\Users\奚郁\AppData\Local\npm-cache\_npx\5f7878ce38f1eb13\node_modules\pm2\lib\ProcessContainerFork.js:32:23)
2026-08-12 08:39:05:     at Module._compile (node:internal/modules/cjs/loader:1871:14) {
2026-08-12 08:39:05:   code: 'EADDRINUSE',
2026-08-12 08:39:05:   errno: -4091,
2026-08-12 08:39:05:   syscall: 'listen',
2026-08-12 08:39:05:   address: '::',
2026-08-12 08:39:05:   port: 3000
2026-08-12 08:39:05: }
2026-08-12 08:39:09: Error: listen EADDRINUSE: address already in use :::3000
2026-08-12 08:39:09:     at Server.setupListenHandle [as _listen2] (node:net:2009:16)
2026-08-12 08:39:09:     at listenInCluster (node:net:2066:12)
2026-08-12 08:39:09:     at Server.listen (node:net:2171:7)
2026-08-12 08:39:09:     at Object.<anonymous> (C:\Users\奚郁\Desktop\jinhe-trip\server.js:387:8)
2026-08-12 08:39:09:     at Module._compile (node:internal/modules/cjs/loader:1871:14)
2026-08-12 08:39:09:     at Object..js (node:internal/modules/cjs/loader:2002:10)
2026-08-12 08:39:09:     at Module.load (node:internal/modules/cjs/loader:1594:32)
2026-08-12 08:39:09:     at Module._load (node:internal/modules/cjs/loader:1396:12)
2026-08-12 08:39:09:     at Object.<anonymous> (C:\Users\奚郁\AppData\Local\npm-cache\_npx\5f7878ce38f1eb13\node_modules\pm2\lib\ProcessContainerFork.js:32:23)
2026-08-12 08:39:09:     at Module._compile (node:internal/modules/cjs/loader:1871:14) {
2026-08-12 08:39:09:   code: 'EADDRINUSE',
2026-08-12 08:39:09:   errno: -4091,
2026-08-12 08:39:09:   syscall: 'listen',
2026-08-12 08:39:09:   address: '::',
2026-08-12 08:39:09:   port: 3000
2026-08-12 08:39:09: }
2026-08-12 08:39:12: Error: listen EADDRINUSE: address already in use :::3000
2026-08-12 08:39:12:     at Server.setupListenHandle [as _listen2] (node:net:2009:16)
2026-08-12 08:39:12:     at listenInCluster (node:net:2066:12)
2026-08-12 08:39:12:     at Server.listen (node:net:2171:7)
2026-08-12 08:39:12:     at Object.<anonymous> (C:\Users\奚郁\Desktop\jinhe-trip\server.js:387:8)
2026-08-12 08:39:12:     at Module._compile (node:internal/modules/cjs/loader:1871:14)
2026-08-12 08:39:12:     at Object..js (node:internal/modules/cjs/loader:2002:10)
2026-08-12 08:39:12:     at Module.load (node:internal/modules/cjs/loader:1594:32)
2026-08-12 08:39:12:     at Module._load (node:internal/modules/cjs/loader:1396:12)
2026-08-12 08:39:12:     at Object.<anonymous> (C:\Users\奚郁\AppData\Local\npm-cache\_npx\5f7878ce38f1eb13\node_modules\pm2\lib\ProcessContainerFork.js:32:23)
2026-08-12 08:39:12:     at Module._compile (node:internal/modules/cjs/loader:1871:14) {
2026-08-12 08:39:12:   code: 'EADDRINUSE',
2026-08-12 08:39:12:   errno: -4091,
2026-08-12 08:39:12:   syscall: 'listen',
2026-08-12 08:39:12:   address: '::',
2026-08-12 08:39:12:   port: 3000
2026-08-12 08:39:12: }
2026-08-12 08:39:16: Error: listen EADDRINUSE: address already in use :::3000
2026-08-12 08:39:16:     at Server.setupListenHandle [as _listen2] (node:net:2009:16)
2026-08-12 08:39:16:     at listenInCluster (node:net:2066:12)
2026-08-12 08:39:16:     at Server.listen (node:net:2171:7)
2026-08-12 08:39:16:     at Object.<anonymous> (C:\Users\奚郁\Desktop\jinhe-trip\server.js:387:8)
2026-08-12 08:39:16:     at Module._compile (node:internal/modules/cjs/loader:1871:14)
2026-08-12 08:39:16:     at Object..js (node:internal/modules/cjs/loader:2002:10)
2026-08-12 08:39:16:     at Module.load (node:internal/modules/cjs/loader:1594:32)
2026-08-12 08:39:16:     at Module._load (node:internal/modules/cjs/loader:1396:12)
2026-08-12 08:39:16:     at Object.<anonymous> (C:\Users\奚郁\AppData\Local\npm-cache\_npx\5f7878ce38f1eb13\node_modules\pm2\lib\ProcessContainerFork.js:32:23)
2026-08-12 08:39:16:     at Module._compile (node:internal/modules/cjs/loader:1871:14) {
2026-08-12 08:39:16:   code: 'EADDRINUSE',
2026-08-12 08:39:16:   errno: -4091,
2026-08-12 08:39:16:   syscall: 'listen',
2026-08-12 08:39:16:   address: '::',
2026-08-12 08:39:16:   port: 3000
2026-08-12 08:39:16: }
2026-08-12 08:39:19: Error: listen EADDRINUSE: address already in use :::3000
2026-08-12 08:39:19:     at Server.setupListenHandle [as _listen2] (node:net:2009:16)
2026-08-12 08:39:19:     at listenInCluster (node:net:2066:12)
2026-08-12 08:39:19:     at Server.listen (node:net:2171:7)
2026-08-12 08:39:19:     at Object.<anonymous> (C:\Users\奚郁\Desktop\jinhe-trip\server.js:387:8)
2026-08-12 08:39:19:     at Module._compile (node:internal/modules/cjs/loader:1871:14)
2026-08-12 08:39:19:     at Object..js (node:internal/modules/cjs/loader:2002:10)
2026-08-12 08:39:19:     at Module.load (node:internal/modules/cjs/loader:1594:32)
2026-08-12 08:39:19:     at Module._load (node:internal/modules/cjs/loader:1396:12)
2026-08-12 08:39:19:     at Object.<anonymous> (C:\Users\奚郁\AppData\Local\npm-cache\_npx\5f7878ce38f1eb13\node_modules\pm2\lib\ProcessContainerFork.js:32:23)
2026-08-12 08:39:19:     at Module._compile (node:internal/modules/cjs/loader:1871:14) {
2026-08-12 08:39:19:   code: 'EADDRINUSE',
2026-08-12 08:39:19:   errno: -4091,
2026-08-12 08:39:19:   syscall: 'listen',
2026-08-12 08:39:19:   address: '::',
2026-08-12 08:39:19:   port: 3000
2026-08-12 08:39:19: }
2026-08-12 08:39:23: Error: listen EADDRINUSE: address already in use :::3000
2026-08-12 08:39:23:     at Server.setupListenHandle [as _listen2] (node:net:2009:16)
2026-08-12 08:39:23:     at listenInCluster (node:net:2066:12)
2026-08-12 08:39:23:     at Server.listen (node:net:2171:7)
2026-08-12 08:39:23:     at Object.<anonymous> (C:\Users\奚郁\Desktop\jinhe-trip\server.js:387:8)
2026-08-12 08:39:23:     at Module._compile (node:internal/modules/cjs/loader:1871:14)
2026-08-12 08:39:23:     at Object..js (node:internal/modules/cjs/loader:2002:10)
2026-08-12 08:39:23:     at Module.load (node:internal/modules/cjs/loader:1594:32)
2026-08-12 08:39:23:     at Module._load (node:internal/modules/cjs/loader:1396:12)
2026-08-12 08:39:23:     at Object.<anonymous> (C:\Users\奚郁\AppData\Local\npm-cache\_npx\5f7878ce38f1eb13\node_modules\pm2\lib\ProcessContainerFork.js:32:23)
2026-08-12 08:39:23:     at Module._compile (node:internal/modules/cjs/loader:1871:14) {
2026-08-12 08:39:23:   code: 'EADDRINUSE',
2026-08-12 08:39:23:   errno: -4091,
2026-08-12 08:39:23:   syscall: 'listen',
2026-08-12 08:39:23:   address: '::',
2026-08-12 08:39:23:   port: 3000
2026-08-12 08:39:23: }
2026-08-12 08:39:27: Error: listen EADDRINUSE: address already in use :::3000
2026-08-12 08:39:27:     at Server.setupListenHandle [as _listen2] (node:net:2009:16)
2026-08-12 08:39:27:     at listenInCluster (node:net:2066:12)
2026-08-12 08:39:27:     at Server.listen (node:net:2171:7)
2026-08-12 08:39:27:     at Object.<anonymous> (C:\Users\奚郁\Desktop\jinhe-trip\server.js:387:8)
2026-08-12 08:39:27:     at Module._compile (node:internal/modules/cjs/loader:1871:14)
2026-08-12 08:39:27:     at Object..js (node:internal/modules/cjs/loader:2002:10)
2026-08-12 08:39:27:     at Module.load (node:internal/modules/cjs/loader:1594:32)
2026-08-12 08:39:27:     at Module._load (node:internal/modules/cjs/loader:1396:12)
2026-08-12 08:39:27:     at Object.<anonymous> (C:\Users\奚郁\AppData\Local\npm-cache\_npx\5f7878ce38f1eb13\node_modules\pm2\lib\ProcessContainerFork.js:32:23)
2026-08-12 08:39:27:     at Module._compile (node:internal/modules/cjs/loader:1871:14) {
2026-08-12 08:39:27:   code: 'EADDRINUSE',
2026-08-12 08:39:27:   errno: -4091,
2026-08-12 08:39:27:   syscall: 'listen',
2026-08-12 08:39:27:   address: '::',
2026-08-12 08:39:27:   port: 3000
2026-08-12 08:39:27: }
2026-08-12 08:39:30: Error: listen EADDRINUSE: address already in use :::3000
2026-08-12 08:39:30:     at Server.setupListenHandle [as _listen2] (node:net:2009:16)
2026-08-12 08:39:30:     at listenInCluster (node:net:2066:12)
2026-08-12 08:39:30:     at Server.listen (node:net:2171:7)
2026-08-12 08:39:30:     at Object.<anonymous> (C:\Users\奚郁\Desktop\jinhe-trip\server.js:387:8)
2026-08-12 08:39:30:     at Module._compile (node:internal/modules/cjs/loader:1871:14)
2026-08-12 08:39:30:     at Object..js (node:internal/modules/cjs/loader:2002:10)
2026-08-12 08:39:30:     at Module.load (node:internal/modules/cjs/loader:1594:32)
2026-08-12 08:39:30:     at Module._load (node:internal/modules/cjs/loader:1396:12)
2026-08-12 08:39:30:     at Object.<anonymous> (C:\Users\奚郁\AppData\Local\npm-cache\_npx\5f7878ce38f1eb13\node_modules\pm2\lib\ProcessContainerFork.js:32:23)
2026-08-12 08:39:30:     at Module._compile (node:internal/modules/cjs/loader:1871:14) {
2026-08-12 08:39:30:   code: 'EADDRINUSE',
2026-08-12 08:39:30:   errno: -4091,
2026-08-12 08:39:30:   syscall: 'listen',
2026-08-12 08:39:30:   address: '::',
2026-08-12 08:39:30:   port: 3000
2026-08-12 08:39:30: }
2026-08-12 08:39:34: Error: listen EADDRINUSE: address already in use :::3000
2026-08-12 08:39:34:     at Server.setupListenHandle [as _listen2] (node:net:2009:16)
2026-08-12 08:39:34:     at listenInCluster (node:net:2066:12)
2026-08-12 08:39:34:     at Server.listen (node:net:2171:7)
2026-08-12 08:39:34:     at Object.<anonymous> (C:\Users\奚郁\Desktop\jinhe-trip\server.js:387:8)
2026-08-12 08:39:34:     at Module._compile (node:internal/modules/cjs/loader:1871:14)
2026-08-12 08:39:34:     at Object..js (node:internal/modules/cjs/loader:2002:10)
2026-08-12 08:39:34:     at Module.load (node:internal/modules/cjs/loader:1594:32)
2026-08-12 08:39:34:     at Module._load (node:internal/modules/cjs/loader:1396:12)
2026-08-12 08:39:34:     at Object.<anonymous> (C:\Users\奚郁\AppData\Local\npm-cache\_npx\5f7878ce38f1eb13\node_modules\pm2\lib\ProcessContainerFork.js:32:23)
2026-08-12 08:39:34:     at Module._compile (node:internal/modules/cjs/loader:1871:14) {
2026-08-12 08:39:34:   code: 'EADDRINUSE',
2026-08-12 08:39:34:   errno: -4091,
2026-08-12 08:39:34:   syscall: 'listen',
2026-08-12 08:39:34:   address: '::',
2026-08-12 08:39:34:   port: 3000
2026-08-12 08:39:34: }
2026-08-12 08:39:37: Error: listen EADDRINUSE: address already in use :::3000
2026-08-12 08:39:37:     at Server.setupListenHandle [as _listen2] (node:net:2009:16)
2026-08-12 08:39:37:     at listenInCluster (node:net:2066:12)
2026-08-12 08:39:37:     at Server.listen (node:net:2171:7)
2026-08-12 08:39:37:     at Object.<anonymous> (C:\Users\奚郁\Desktop\jinhe-trip\server.js:387:8)
2026-08-12 08:39:37:     at Module._compile (node:internal/modules/cjs/loader:1871:14)
2026-08-12 08:39:37:     at Object..js (node:internal/modules/cjs/loader:2002:10)
2026-08-12 08:39:37:     at Module.load (node:internal/modules/cjs/loader:1594:32)
2026-08-12 08:39:37:     at Module._load (node:internal/modules/cjs/loader:1396:12)
2026-08-12 08:39:37:     at Object.<anonymous> (C:\Users\奚郁\AppData\Local\npm-cache\_npx\5f7878ce38f1eb13\node_modules\pm2\lib\ProcessContainerFork.js:32:23)
2026-08-12 08:39:37:     at Module._compile (node:internal/modules/cjs/loader:1871:14) {
2026-08-12 08:39:37:   code: 'EADDRINUSE',
2026-08-12 08:39:37:   errno: -4091,
2026-08-12 08:39:37:   syscall: 'listen',
2026-08-12 08:39:37:   address: '::',
2026-08-12 08:39:37:   port: 3000
2026-08-12 08:39:37: }
2026-08-12 08:39:41: Error: listen EADDRINUSE: address already in use :::3000
2026-08-12 08:39:41:     at Server.setupListenHandle [as _listen2] (node:net:2009:16)
2026-08-12 08:39:41:     at listenInCluster (node:net:2066:12)
2026-08-12 08:39:41:     at Server.listen (node:net:2171:7)
2026-08-12 08:39:41:     at Object.<anonymous> (C:\Users\奚郁\Desktop\jinhe-trip\server.js:387:8)
2026-08-12 08:39:41:     at Module._compile (node:internal/modules/cjs/loader:1871:14)
2026-08-12 08:39:41:     at Object..js (node:internal/modules/cjs/loader:2002:10)
2026-08-12 08:39:41:     at Module.load (node:internal/modules/cjs/loader:1594:32)
2026-08-12 08:39:41:     at Module._load (node:internal/modules/cjs/loader:1396:12)
2026-08-12 08:39:41:     at Object.<anonymous> (C:\Users\奚郁\AppData\Local\npm-cache\_npx\5f7878ce38f1eb13\node_modules\pm2\lib\ProcessContainerFork.js:32:23)
2026-08-12 08:39:41:     at Module._compile (node:internal/modules/cjs/loader:1871:14) {
2026-08-12 08:39:41:   code: 'EADDRINUSE',
2026-08-12 08:39:41:   errno: -4091,
2026-08-12 08:39:41:   syscall: 'listen',
2026-08-12 08:39:41:   address: '::',
2026-08-12 08:39:41:   port: 3000
2026-08-12 08:39:41: }
2026-08-12 08:39:44: Error: listen EADDRINUSE: address already in use :::3000
2026-08-12 08:39:44:     at Server.setupListenHandle [as _listen2] (node:net:2009:16)
2026-08-12 08:39:44:     at listenInCluster (node:net:2066:12)
2026-08-12 08:39:44:     at Server.listen (node:net:2171:7)
2026-08-12 08:39:44:     at Object.<anonymous> (C:\Users\奚郁\Desktop\jinhe-trip\server.js:387:8)
2026-08-12 08:39:44:     at Module._compile (node:internal/modules/cjs/loader:1871:14)
2026-08-12 08:39:44:     at Object..js (node:internal/modules/cjs/loader:2002:10)
2026-08-12 08:39:44:     at Module.load (node:internal/modules/cjs/loader:1594:32)
2026-08-12 08:39:44:     at Module._load (node:internal/modules/cjs/loader:1396:12)
2026-08-12 08:39:44:     at Object.<anonymous> (C:\Users\奚郁\AppData\Local\npm-cache\_npx\5f7878ce38f1eb13\node_modules\pm2\lib\ProcessContainerFork.js:32:23)
2026-08-12 08:39:44:     at Module._compile (node:internal/modules/cjs/loader:1871:14) {
2026-08-12 08:39:44:   code: 'EADDRINUSE',
2026-08-12 08:39:44:   errno: -4091,
2026-08-12 08:39:44:   syscall: 'listen',
2026-08-12 08:39:44:   address: '::',
2026-08-12 08:39:44:   port: 3000
2026-08-12 08:39:44: }
2026-08-12 08:39:48: Error: listen EADDRINUSE: address already in use :::3000
2026-08-12 08:39:48:     at Server.setupListenHandle [as _listen2] (node:net:2009:16)
2026-08-12 08:39:48:     at listenInCluster (node:net:2066:12)
2026-08-12 08:39:48:     at Server.listen (node:net:2171:7)
2026-08-12 08:39:48:     at Object.<anonymous> (C:\Users\奚郁\Desktop\jinhe-trip\server.js:387:8)
2026-08-12 08:39:48:     at Module._compile (node:internal/modules/cjs/loader:1871:14)
2026-08-12 08:39:48:     at Object..js (node:internal/modules/cjs/loader:2002:10)
2026-08-12 08:39:48:     at Module.load (node:internal/modules/cjs/loader:1594:32)
2026-08-12 08:39:48:     at Module._load (node:internal/modules/cjs/loader:1396:12)
2026-08-12 08:39:48:     at Object.<anonymous> (C:\Users\奚郁\AppData\Local\npm-cache\_npx\5f7878ce38f1eb13\node_modules\pm2\lib\ProcessContainerFork.js:32:23)
2026-08-12 08:39:48:     at Module._compile (node:internal/modules/cjs/loader:1871:14) {
2026-08-12 08:39:48:   code: 'EADDRINUSE',
2026-08-12 08:39:48:   errno: -4091,
2026-08-12 08:39:48:   syscall: 'listen',
2026-08-12 08:39:48:   address: '::',
2026-08-12 08:39:48:   port: 3000
2026-08-12 08:39:48: }
2026-08-12 08:39:51: Error: listen EADDRINUSE: address already in use :::3000
2026-08-12 08:39:51:     at Server.setupListenHandle [as _listen2] (node:net:2009:16)
2026-08-12 08:39:51:     at listenInCluster (node:net:2066:12)
2026-08-12 08:39:51:     at Server.listen (node:net:2171:7)
2026-08-12 08:39:51:     at Object.<anonymous> (C:\Users\奚郁\Desktop\jinhe-trip\server.js:387:8)
2026-08-12 08:39:51:     at Module._compile (node:internal/modules/cjs/loader:1871:14)
2026-08-12 08:39:51:     at Object..js (node:internal/modules/cjs/loader:2002:10)
2026-08-12 08:39:51:     at Module.load (node:internal/modules/cjs/loader:1594:32)
2026-08-12 08:39:51:     at Module._load (node:internal/modules/cjs/loader:1396:12)
2026-08-12 08:39:51:     at Object.<anonymous> (C:\Users\奚郁\AppData\Local\npm-cache\_npx\5f7878ce38f1eb13\node_modules\pm2\lib\ProcessContainerFork.js:32:23)
2026-08-12 08:39:51:     at Module._compile (node:internal/modules/cjs/loader:1871:14) {
2026-08-12 08:39:51:   code: 'EADDRINUSE',
2026-08-12 08:39:51:   errno: -4091,
2026-08-12 08:39:51:   syscall: 'listen',
2026-08-12 08:39:51:   address: '::',
2026-08-12 08:39:51:   port: 3000
2026-08-12 08:39:51: }
2026-08-12 08:39:55: Error: listen EADDRINUSE: address already in use :::3000
2026-08-12 08:39:55:     at Server.setupListenHandle [as _listen2] (node:net:2009:16)
2026-08-12 08:39:55:     at listenInCluster (node:net:2066:12)
2026-08-12 08:39:55:     at Server.listen (node:net:2171:7)
2026-08-12 08:39:55:     at Object.<anonymous> (C:\Users\奚郁\Desktop\jinhe-trip\server.js:387:8)
2026-08-12 08:39:55:     at Module._compile (node:internal/modules/cjs/loader:1871:14)
2026-08-12 08:39:55:     at Object..js (node:internal/modules/cjs/loader:2002:10)
2026-08-12 08:39:55:     at Module.load (node:internal/modules/cjs/loader:1594:32)
2026-08-12 08:39:55:     at Module._load (node:internal/modules/cjs/loader:1396:12)
2026-08-12 08:39:55:     at Object.<anonymous> (C:\Users\奚郁\AppData\Local\npm-cache\_npx\5f7878ce38f1eb13\node_modules\pm2\lib\ProcessContainerFork.js:32:23)
2026-08-12 08:39:55:     at Module._compile (node:internal/modules/cjs/loader:1871:14) {
2026-08-12 08:39:55:   code: 'EADDRINUSE',
2026-08-12 08:39:55:   errno: -4091,
2026-08-12 08:39:55:   syscall: 'listen',
2026-08-12 08:39:55:   address: '::',
2026-08-12 08:39:55:   port: 3000
2026-08-12 08:39:55: }
2026-08-12 08:39:58: Error: listen EADDRINUSE: address already in use :::3000
2026-08-12 08:39:58:     at Server.setupListenHandle [as _listen2] (node:net:2009:16)
2026-08-12 08:39:58:     at listenInCluster (node:net:2066:12)
2026-08-12 08:39:58:     at Server.listen (node:net:2171:7)
2026-08-12 08:39:58:     at Object.<anonymous> (C:\Users\奚郁\Desktop\jinhe-trip\server.js:387:8)
2026-08-12 08:39:58:     at Module._compile (node:internal/modules/cjs/loader:1871:14)
2026-08-12 08:39:58:     at Object..js (node:internal/modules/cjs/loader:2002:10)
2026-08-12 08:39:58:     at Module.load (node:internal/modules/cjs/loader:1594:32)
2026-08-12 08:39:58:     at Module._load (node:internal/modules/cjs/loader:1396:12)
2026-08-12 08:39:58:     at Object.<anonymous> (C:\Users\奚郁\AppData\Local\npm-cache\_npx\5f7878ce38f1eb13\node_modules\pm2\lib\ProcessContainerFork.js:32:23)
2026-08-12 08:39:58:     at Module._compile (node:internal/modules/cjs/loader:1871:14) {
2026-08-12 08:39:58:   code: 'EADDRINUSE',
2026-08-12 08:39:58:   errno: -4091,
2026-08-12 08:39:58:   syscall: 'listen',
2026-08-12 08:39:58:   address: '::',
2026-08-12 08:39:58:   port: 3000
2026-08-12 08:39:58: }
2026-08-12 08:40:02: Error: listen EADDRINUSE: address already in use :::3000
2026-08-12 08:40:02:     at Server.setupListenHandle [as _listen2] (node:net:2009:16)
2026-08-12 08:40:02:     at listenInCluster (node:net:2066:12)
2026-08-12 08:40:02:     at Server.listen (node:net:2171:7)
2026-08-12 08:40:02:     at Object.<anonymous> (C:\Users\奚郁\Desktop\jinhe-trip\server.js:387:8)
2026-08-12 08:40:02:     at Module._compile (node:internal/modules/cjs/loader:1871:14)
2026-08-12 08:40:02:     at Object..js (node:internal/modules/cjs/loader:2002:10)
2026-08-12 08:40:02:     at Module.load (node:internal/modules/cjs/loader:1594:32)
2026-08-12 08:40:02:     at Module._load (node:internal/modules/cjs/loader:1396:12)
2026-08-12 08:40:02:     at Object.<anonymous> (C:\Users\奚郁\AppData\Local\npm-cache\_npx\5f7878ce38f1eb13\node_modules\pm2\lib\ProcessContainerFork.js:32:23)
2026-08-12 08:40:02:     at Module._compile (node:internal/modules/cjs/loader:1871:14) {
2026-08-12 08:40:02:   code: 'EADDRINUSE',
2026-08-12 08:40:02:   errno: -4091,
2026-08-12 08:40:02:   syscall: 'listen',
2026-08-12 08:40:02:   address: '::',
2026-08-12 08:40:02:   port: 3000
2026-08-12 08:40:02: }
2026-08-12 08:40:06: Error: listen EADDRINUSE: address already in use :::3000
2026-08-12 08:40:06:     at Server.setupListenHandle [as _listen2] (node:net:2009:16)
2026-08-12 08:40:06:     at listenInCluster (node:net:2066:12)
2026-08-12 08:40:06:     at Server.listen (node:net:2171:7)
2026-08-12 08:40:06:     at Object.<anonymous> (C:\Users\奚郁\Desktop\jinhe-trip\server.js:387:8)
2026-08-12 08:40:06:     at Module._compile (node:internal/modules/cjs/loader:1871:14)
2026-08-12 08:40:06:     at Object..js (node:internal/modules/cjs/loader:2002:10)
2026-08-12 08:40:06:     at Module.load (node:internal/modules/cjs/loader:1594:32)
2026-08-12 08:40:06:     at Module._load (node:internal/modules/cjs/loader:1396:12)
2026-08-12 08:40:06:     at Object.<anonymous> (C:\Users\奚郁\AppData\Local\npm-cache\_npx\5f7878ce38f1eb13\node_modules\pm2\lib\ProcessContainerFork.js:32:23)
2026-08-12 08:40:06:     at Module._compile (node:internal/modules/cjs/loader:1871:14) {
2026-08-12 08:40:06:   code: 'EADDRINUSE',
2026-08-12 08:40:06:   errno: -4091,
2026-08-12 08:40:06:   syscall: 'listen',
2026-08-12 08:40:06:   address: '::',
2026-08-12 08:40:06:   port: 3000
2026-08-12 08:40:06: }
2026-08-12 08:40:09: Error: listen EADDRINUSE: address already in use :::3000
2026-08-12 08:40:09:     at Server.setupListenHandle [as _listen2] (node:net:2009:16)
2026-08-12 08:40:09:     at listenInCluster (node:net:2066:12)
2026-08-12 08:40:09:     at Server.listen (node:net:2171:7)
2026-08-12 08:40:09:     at Object.<anonymous> (C:\Users\奚郁\Desktop\jinhe-trip\server.js:387:8)
2026-08-12 08:40:09:     at Module._compile (node:internal/modules/cjs/loader:1871:14)
2026-08-12 08:40:09:     at Object..js (node:internal/modules/cjs/loader:2002:10)
2026-08-12 08:40:09:     at Module.load (node:internal/modules/cjs/loader:1594:32)
2026-08-12 08:40:09:     at Module._load (node:internal/modules/cjs/loader:1396:12)
2026-08-12 08:40:09:     at Object.<anonymous> (C:\Users\奚郁\AppData\Local\npm-cache\_npx\5f7878ce38f1eb13\node_modules\pm2\lib\ProcessContainerFork.js:32:23)
2026-08-12 08:40:09:     at Module._compile (node:internal/modules/cjs/loader:1871:14) {
2026-08-12 08:40:09:   code: 'EADDRINUSE',
2026-08-12 08:40:09:   errno: -4091,
2026-08-12 08:40:09:   syscall: 'listen',
2026-08-12 08:40:09:   address: '::',
2026-08-12 08:40:09:   port: 3000
2026-08-12 08:40:09: }
2026-08-12 08:40:13: Error: listen EADDRINUSE: address already in use :::3000
2026-08-12 08:40:13:     at Server.setupListenHandle [as _listen2] (node:net:2009:16)
2026-08-12 08:40:13:     at listenInCluster (node:net:2066:12)
2026-08-12 08:40:13:     at Server.listen (node:net:2171:7)
2026-08-12 08:40:13:     at Object.<anonymous> (C:\Users\奚郁\Desktop\jinhe-trip\server.js:387:8)
2026-08-12 08:40:13:     at Module._compile (node:internal/modules/cjs/loader:1871:14)
2026-08-12 08:40:13:     at Object..js (node:internal/modules/cjs/loader:2002:10)
2026-08-12 08:40:13:     at Module.load (node:internal/modules/cjs/loader:1594:32)
2026-08-12 08:40:13:     at Module._load (node:internal/modules/cjs/loader:1396:12)
2026-08-12 08:40:13:     at Object.<anonymous> (C:\Users\奚郁\AppData\Local\npm-cache\_npx\5f7878ce38f1eb13\node_modules\pm2\lib\ProcessContainerFork.js:32:23)
2026-08-12 08:40:13:     at Module._compile (node:internal/modules/cjs/loader:1871:14) {
2026-08-12 08:40:13:   code: 'EADDRINUSE',
2026-08-12 08:40:13:   errno: -4091,
2026-08-12 08:40:13:   syscall: 'listen',
2026-08-12 08:40:13:   address: '::',
2026-08-12 08:40:13:   port: 3000
2026-08-12 08:40:13: }
2026-08-12 08:40:16: Error: listen EADDRINUSE: address already in use :::3000
2026-08-12 08:40:16:     at Server.setupListenHandle [as _listen2] (node:net:2009:16)
2026-08-12 08:40:16:     at listenInCluster (node:net:2066:12)
2026-08-12 08:40:16:     at Server.listen (node:net:2171:7)
2026-08-12 08:40:16:     at Object.<anonymous> (C:\Users\奚郁\Desktop\jinhe-trip\server.js:387:8)
2026-08-12 08:40:16:     at Module._compile (node:internal/modules/cjs/loader:1871:14)
2026-08-12 08:40:16:     at Object..js (node:internal/modules/cjs/loader:2002:10)
2026-08-12 08:40:16:     at Module.load (node:internal/modules/cjs/loader:1594:32)
2026-08-12 08:40:16:     at Module._load (node:internal/modules/cjs/loader:1396:12)
2026-08-12 08:40:16:     at Object.<anonymous> (C:\Users\奚郁\AppData\Local\npm-cache\_npx\5f7878ce38f1eb13\node_modules\pm2\lib\ProcessContainerFork.js:32:23)
2026-08-12 08:40:16:     at Module._compile (node:internal/modules/cjs/loader:1871:14) {
2026-08-12 08:40:16:   code: 'EADDRINUSE',
2026-08-12 08:40:16:   errno: -4091,
2026-08-12 08:40:16:   syscall: 'listen',
2026-08-12 08:40:16:   address: '::',
2026-08-12 08:40:16:   port: 3000
2026-08-12 08:40:16: }
2026-08-12 08:40:20: Error: listen EADDRINUSE: address already in use :::3000
2026-08-12 08:40:20:     at Server.setupListenHandle [as _listen2] (node:net:2009:16)
2026-08-12 08:40:20:     at listenInCluster (node:net:2066:12)
2026-08-12 08:40:20:     at Server.listen (node:net:2171:7)
2026-08-12 08:40:20:     at Object.<anonymous> (C:\Users\奚郁\Desktop\jinhe-trip\server.js:387:8)
2026-08-12 08:40:20:     at Module._compile (node:internal/modules/cjs/loader:1871:14)
2026-08-12 08:40:20:     at Object..js (node:internal/modules/cjs/loader:2002:10)
2026-08-12 08:40:20:     at Module.load (node:internal/modules/cjs/loader:1594:32)
2026-08-12 08:40:20:     at Module._load (node:internal/modules/cjs/loader:1396:12)
2026-08-12 08:40:20:     at Object.<anonymous> (C:\Users\奚郁\AppData\Local\npm-cache\_npx\5f7878ce38f1eb13\node_modules\pm2\lib\ProcessContainerFork.js:32:23)
2026-08-12 08:40:20:     at Module._compile (node:internal/modules/cjs/loader:1871:14) {
2026-08-12 08:40:20:   code: 'EADDRINUSE',
2026-08-12 08:40:20:   errno: -4091,
2026-08-12 08:40:20:   syscall: 'listen',
2026-08-12 08:40:20:   address: '::',
2026-08-12 08:40:20:   port: 3000
2026-08-12 08:40:20: }
2026-08-12 08:40:23: Error: listen EADDRINUSE: address already in use :::3000
2026-08-12 08:40:23:     at Server.setupListenHandle [as _listen2] (node:net:2009:16)
2026-08-12 08:40:23:     at listenInCluster (node:net:2066:12)
2026-08-12 08:40:23:     at Server.listen (node:net:2171:7)
2026-08-12 08:40:23:     at Object.<anonymous> (C:\Users\奚郁\Desktop\jinhe-trip\server.js:387:8)
2026-08-12 08:40:23:     at Module._compile (node:internal/modules/cjs/loader:1871:14)
2026-08-12 08:40:23:     at Object..js (node:internal/modules/cjs/loader:2002:10)
2026-08-12 08:40:23:     at Module.load (node:internal/modules/cjs/loader:1594:32)
2026-08-12 08:40:23:     at Module._load (node:internal/modules/cjs/loader:1396:12)
2026-08-12 08:40:23:     at Object.<anonymous> (C:\Users\奚郁\AppData\Local\npm-cache\_npx\5f7878ce38f1eb13\node_modules\pm2\lib\ProcessContainerFork.js:32:23)
2026-08-12 08:40:23:     at Module._compile (node:internal/modules/cjs/loader:1871:14) {
2026-08-12 08:40:23:   code: 'EADDRINUSE',
2026-08-12 08:40:23:   errno: -4091,
2026-08-12 08:40:23:   syscall: 'listen',
2026-08-12 08:40:23:   address: '::',
2026-08-12 08:40:23:   port: 3000
2026-08-12 08:40:23: }
2026-08-12 08:40:27: Error: listen EADDRINUSE: address already in use :::3000
2026-08-12 08:40:27:     at Server.setupListenHandle [as _listen2] (node:net:2009:16)
2026-08-12 08:40:27:     at listenInCluster (node:net:2066:12)
2026-08-12 08:40:27:     at Server.listen (node:net:2171:7)
2026-08-12 08:40:27:     at Object.<anonymous> (C:\Users\奚郁\Desktop\jinhe-trip\server.js:387:8)
2026-08-12 08:40:27:     at Module._compile (node:internal/modules/cjs/loader:1871:14)
2026-08-12 08:40:27:     at Object..js (node:internal/modules/cjs/loader:2002:10)
2026-08-12 08:40:27:     at Module.load (node:internal/modules/cjs/loader:1594:32)
2026-08-12 08:40:27:     at Module._load (node:internal/modules/cjs/loader:1396:12)
2026-08-12 08:40:27:     at Object.<anonymous> (C:\Users\奚郁\AppData\Local\npm-cache\_npx\5f7878ce38f1eb13\node_modules\pm2\lib\ProcessContainerFork.js:32:23)
2026-08-12 08:40:27:     at Module._compile (node:internal/modules/cjs/loader:1871:14) {
2026-08-12 08:40:27:   code: 'EADDRINUSE',
2026-08-12 08:40:27:   errno: -4091,
2026-08-12 08:40:27:   syscall: 'listen',
2026-08-12 08:40:27:   address: '::',
2026-08-12 08:40:27:   port: 3000
2026-08-12 08:40:27: }
2026-08-12 08:40:31: Error: listen EADDRINUSE: address already in use :::3000
2026-08-12 08:40:31:     at Server.setupListenHandle [as _listen2] (node:net:2009:16)
2026-08-12 08:40:31:     at listenInCluster (node:net:2066:12)
2026-08-12 08:40:31:     at Server.listen (node:net:2171:7)
2026-08-12 08:40:31:     at Object.<anonymous> (C:\Users\奚郁\Desktop\jinhe-trip\server.js:387:8)
2026-08-12 08:40:31:     at Module._compile (node:internal/modules/cjs/loader:1871:14)
2026-08-12 08:40:31:     at Object..js (node:internal/modules/cjs/loader:2002:10)
2026-08-12 08:40:31:     at Module.load (node:internal/modules/cjs/loader:1594:32)
2026-08-12 08:40:31:     at Module._load (node:internal/modules/cjs/loader:1396:12)
2026-08-12 08:40:31:     at Object.<anonymous> (C:\Users\奚郁\AppData\Local\npm-cache\_npx\5f7878ce38f1eb13\node_modules\pm2\lib\ProcessContainerFork.js:32:23)
2026-08-12 08:40:31:     at Module._compile (node:internal/modules/cjs/loader:1871:14) {
2026-08-12 08:40:31:   code: 'EADDRINUSE',
2026-08-12 08:40:31:   errno: -4091,
2026-08-12 08:40:31:   syscall: 'listen',
2026-08-12 08:40:31:   address: '::',
2026-08-12 08:40:31:   port: 3000
2026-08-12 08:40:31: }
2026-08-12 08:40:34: Error: listen EADDRINUSE: address already in use :::3000
2026-08-12 08:40:34:     at Server.setupListenHandle [as _listen2] (node:net:2009:16)
2026-08-12 08:40:34:     at listenInCluster (node:net:2066:12)
2026-08-12 08:40:34:     at Server.listen (node:net:2171:7)
2026-08-12 08:40:34:     at Object.<anonymous> (C:\Users\奚郁\Desktop\jinhe-trip\server.js:387:8)
2026-08-12 08:40:34:     at Module._compile (node:internal/modules/cjs/loader:1871:14)
2026-08-12 08:40:34:     at Object..js (node:internal/modules/cjs/loader:2002:10)
2026-08-12 08:40:34:     at Module.load (node:internal/modules/cjs/loader:1594:32)
2026-08-12 08:40:34:     at Module._load (node:internal/modules/cjs/loader:1396:12)
2026-08-12 08:40:34:     at Object.<anonymous> (C:\Users\奚郁\AppData\Local\npm-cache\_npx\5f7878ce38f1eb13\node_modules\pm2\lib\ProcessContainerFork.js:32:23)
2026-08-12 08:40:34:     at Module._compile (node:internal/modules/cjs/loader:1871:14) {
2026-08-12 08:40:34:   code: 'EADDRINUSE',
2026-08-12 08:40:34:   errno: -4091,
2026-08-12 08:40:34:   syscall: 'listen',
2026-08-12 08:40:34:   address: '::',
2026-08-12 08:40:34:   port: 3000
2026-08-12 08:40:34: }
